player_jersey_number,player_name_jap,player_salary,bating_AVG,total_games,batting_PA,batting_AB,batting_H,batting_2B,batting_3B,batting_HR,batting_TB,batting_R,batting_RBI,batting_SO,batting_BB,batting_HBP,batting_SB,batting_OBP,batting_SLG,batting_OPS,batting_SO%,Team,player_id
00,曽根海成,8000000,0.25,33.0,17.0,16.0,4.0,1.0,0.0,0.0,5.0,13.0,1.0,5.0,1.0,0.0,5.0,0.294,0.312,0.607,0.294,広島,
0,上本崇司,9000000,0.212,56.0,62.0,52.0,11.0,2.0,0.0,0.0,13.0,8.0,4.0,4.0,5.0,2.0,2.0,0.305,0.25,0.555,0.065,広島,
1,鈴木誠也,280000000,0.3,118.0,514.0,430.0,129.0,26.0,2.0,25.0,234.0,85.0,75.0,73.0,72.0,9.0,6.0,0.409,0.544,0.953,0.142,広島,
2,田中広輔,150000000,0.251,112.0,454.0,378.0,95.0,11.0,5.0,8.0,140.0,51.0,39.0,86.0,55.0,5.0,8.0,0.351,0.37,0.721,0.189,広島,
4,小窪哲也,29000000,0.333,3.0,3.0,3.0,1.0,0.0,0.0,0.0,1.0,0.0,0.0,0.0,0.0,0.0,0.0,0.333,0.333,0.667,0.0,広島,800040
5,長野久義,170000000,0.285,95.0,299.0,267.0,76.0,17.0,1.0,10.0,125.0,30.0,42.0,61.0,29.0,1.0,1.0,0.355,0.468,0.823,0.204,広島,900397
6,安部友裕,43000000,0.184,26.0,44.0,38.0,7.0,3.0,0.0,0.0,10.0,6.0,2.0,17.0,4.0,0.0,0.0,0.262,0.263,0.525,0.386,広島,
7,堂林翔太,16000000,0.279,111.0,451.0,401.0,112.0,21.0,0.0,14.0,175.0,55.0,58.0,91.0,41.0,4.0,17.0,0.35,0.436,0.787,0.202,広島,900430
10,ピレラ,64900000,0.266,99.0,337.0,316.0,84.0,9.0,2.0,11.0,130.0,47.0,34.0,53.0,19.0,2.0,2.0,0.312,0.411,0.723,0.157,広島,
22,中村奨成,7000000,0.0,4.0,4.0,4.0,0.0,0.0,0.0,0.0,0.0,0.0,0.0,1.0,0.0,0.0,0.0,0.0,0.0,0.0,0.25,広島,1700068
27,會澤翼,180000000,0.266,79.0,263.0,229.0,61.0,13.0,0.0,7.0,95.0,25.0,36.0,51.0,22.0,11.0,2.0,0.359,0.415,0.774,0.194,広島,700050
31,石原慶幸,55000000,0.0,4.0,5.0,5.0,0.0,0.0,0.0,0.0,0.0,0.0,0.0,1.0,0.0,0.0,0.0,0.0,0.0,0.0,0.2,広島,12186
32,白濱裕太,6500000,0.0,2.0,1.0,1.0,0.0,0.0,0.0,0.0,0.0,0.0,0.0,0.0,0.0,0.0,0.0,0.0,0.0,0.0,0.0,広島,
33,菊池涼介,300000000,0.271,106.0,429.0,376.0,102.0,19.0,4.0,10.0,159.0,43.0,41.0,68.0,35.0,1.0,3.0,0.334,0.423,0.757,0.159,広島,1100082
35,三好匠,12000000,0.125,62.0,29.0,24.0,3.0,0.0,0.0,0.0,3.0,3.0,2.0,5.0,2.0,0.0,0.0,0.185,0.125,0.31,0.172,広島,1100129
37,野間峻祥,34000000,0.24,70.0,56.0,50.0,12.0,0.0,0.0,0.0,12.0,10.0,1.0,17.0,4.0,0.0,2.0,0.296,0.24,0.536,0.304,広島,1400173
38,宇草孔基,12000000,0.256,13.0,47.0,43.0,11.0,1.0,1.0,0.0,14.0,5.0,3.0,7.0,3.0,1.0,3.0,0.319,0.326,0.645,0.149,広島,
40,磯村嘉孝,18000000,0.208,31.0,55.0,48.0,10.0,3.0,0.0,1.0,16.0,4.0,1.0,8.0,4.0,0.0,0.0,0.269,0.333,0.603,0.145,広島,
44,林晃汰,6000000,0.125,4.0,8.0,8.0,1.0,1.0,0.0,0.0,2.0,1.0,0.0,5.0,0.0,0.0,0.0,0.125,0.25,0.375,0.625,広島,1800074
45,桑原樹,5500000,0.0,3.0,3.0,3.0,0.0,0.0,0.0,0.0,0.0,0.0,0.0,0.0,0.0,0.0,0.0,0.0,0.0,0.0,0.0,広島,
49,正隨優弥,7000000,0.143,7.0,8.0,7.0,1.0,0.0,0.0,1.0,4.0,1.0,1.0,1.0,1.0,0.0,0.0,0.25,0.571,0.821,0.125,広島,
50,高橋大樹,7500000,0.2,14.0,16.0,15.0,3.0,0.0,0.0,0.0,3.0,1.0,0.0,5.0,1.0,0.0,0.0,0.25,0.2,0.45,0.312,広島,
51,小園海斗,10000000,0.0,3.0,6.0,6.0,0.0,0.0,0.0,0.0,0.0,0.0,0.0,1.0,0.0,0.0,0.0,0.0,0.0,0.0,0.167,広島,1800072
54,韮澤雄也,5000000,,,,,,,,,,,,,,,,,,,,広島,
55,松山竜平,85000000,0.277,108.0,425.0,404.0,112.0,27.0,1.0,9.0,168.0,38.0,67.0,72.0,17.0,1.0,0.0,0.306,0.416,0.722,0.169,広島,800041
56,中神拓都,5000000,,,,,,,,,,,,,,,,,,,,広島,
59,大盛穂,5000000,0.259,73.0,148.0,135.0,35.0,5.0,3.0,2.0,52.0,21.0,16.0,50.0,11.0,1.0,5.0,0.318,0.385,0.703,0.338,広島,1800079
60,永井敦士,5000000,,,,,,,,,,,,,,,,,,,,広島,
61,坂倉将吾,8000000,0.287,81.0,228.0,209.0,60.0,15.0,1.0,3.0,86.0,24.0,26.0,36.0,17.0,2.0,1.0,0.346,0.411,0.758,0.158,広島,1600124
62,石原貴規,7000000,,,,,,,,,,,,,,,,,,,,広島,1900056
63,西川龍馬,68000000,0.304,76.0,328.0,296.0,90.0,18.0,0.0,6.0,126.0,36.0,32.0,52.0,28.0,2.0,6.0,0.368,0.426,0.794,0.159,広島,1500096
69,羽月隆太郎,5000000,0.182,17.0,40.0,33.0,6.0,1.0,1.0,0.0,9.0,3.0,4.0,7.0,2.0,0.0,0.0,0.229,0.273,0.501,0.175,広島,1800078
96,A.メヒア,13200000,0.188,37.0,85.0,80.0,15.0,2.0,0.0,2.0,23.0,4.0,4.0,21.0,5.0,0.0,1.0,0.235,0.287,0.523,0.247,広島,
123,持丸泰輝,2400000,,,,,,,,,,,,,,,,,,,,広島,1900058
124,木下元秀,2400000,,,,,,,,,,,,,,,,,,,,広島,
00,吉川大幾,16000000,0.1,30.0,12.0,10.0,1.0,0.0,0.0,0.0,1.0,1.0,0.0,2.0,1.0,0.0,2.0,0.182,0.1,0.282,0.167,巨人,1000139
0,増田大輝,15000000,0.297,74.0,48.0,37.0,11.0,2.0,0.0,0.0,13.0,30.0,2.0,12.0,11.0,0.0,23.0,0.458,0.351,0.81,0.25,巨人,1500054
001,比嘉賢伸,2700000,,,,,,,,,,,,,,,,,,,,巨人,
002,平間隼人,2400000,,,,,,,,,,,,,,,,,,,,巨人,
2,陽岱鋼,300000000,0.238,38.0,77.0,63.0,15.0,1.0,0.0,1.0,19.0,12.0,6.0,21.0,9.0,3.0,1.0,0.351,0.302,0.652,0.273,巨人,600037
004,笠井駿,3000000,,,,,,,,,,,,,,,,,,,,巨人,
005,広畑塁,2800000,,,,,,,,,,,,,,,,,,,,巨人,
5,中島宏之,20000000,0.297,100.0,312.0,279.0,83.0,13.0,0.0,7.0,117.0,19.0,29.0,59.0,31.0,1.0,0.0,0.369,0.419,0.788,0.189,巨人,
6,坂本勇人,500000000,0.289,115.0,479.0,412.0,119.0,28.0,1.0,19.0,206.0,64.0,65.0,85.0,62.0,0.0,4.0,0.379,0.5,0.879,0.177,巨人,700003
006,加藤壮太,2400000,,,,,,,,,,,,,,,,,,,,巨人,
007,小山翔平,2700000,,,,,,,,,,,,,,,,,,,,巨人,
008,折下光輝,2800000,,,,,,,,,,,,,,,,,,,,巨人,
8,丸佳浩,450000000,0.284,120.0,491.0,423.0,120.0,31.0,1.0,27.0,234.0,63.0,77.0,101.0,63.0,0.0,8.0,0.375,0.553,0.928,0.206,巨人,800043
9,亀井善行,110000000,0.255,51.0,156.0,141.0,36.0,7.0,0.0,2.0,49.0,21.0,17.0,21.0,11.0,1.0,0.0,0.31,0.348,0.657,0.135,巨人,500037
009,八百板卓丸,4600000,,,,,,,,,,,,,,,,,,,,巨人,
010,高山竜太朗,3800000,,,,,,,,,,,,,,,,,,,,巨人,
021,黒田響生,2650000,,,,,,,,,,,,,,,,,,,,巨人,
22,小林誠司,100000000,0.056,10.0,21.0,18.0,1.0,0.0,0.0,0.0,1.0,1.0,0.0,4.0,0.0,2.0,0.0,0.15,0.056,0.206,0.19,巨人,1300027
022,荒井颯太,2700000,,,,,,,,,,,,,,,,,,,,巨人,
24,大城卓三,35000000,0.27,93.0,308.0,274.0,74.0,10.0,1.0,9.0,113.0,30.0,41.0,82.0,30.0,0.0,1.0,0.339,0.412,0.751,0.266,巨人,1700044
25,岡本和真,140000000,0.275,118.0,500.0,440.0,121.0,26.0,0.0,31.0,240.0,79.0,97.0,85.0,55.0,5.0,2.0,0.362,0.545,0.907,0.17,巨人,
026,ウレーニャ,2600000,0.167,11.0,20.0,18.0,3.0,0.0,0.0,0.0,3.0,0.0,0.0,8.0,2.0,0.0,0.0,0.25,0.167,0.417,0.4,巨人,
27,炭谷銀仁朗,150000000,0.18,56.0,114.0,100.0,18.0,2.0,0.0,1.0,23.0,4.0,7.0,23.0,8.0,2.0,0.0,0.252,0.23,0.482,0.202,巨人,600026
29,吉川尚輝,23000000,0.274,112.0,389.0,354.0,97.0,16.0,2.0,8.0,141.0,47.0,32.0,60.0,30.0,3.0,11.0,0.336,0.398,0.734,0.154,巨人,1600059
36,石川慎吾,24000000,0.244,43.0,47.0,45.0,11.0,1.0,0.0,2.0,18.0,2.0,7.0,12.0,2.0,0.0,0.0,0.277,0.4,0.677,0.255,巨人,1100096
37,若林晃弘,19000000,0.247,76.0,159.0,146.0,36.0,6.0,1.0,2.0,50.0,22.0,14.0,32.0,8.0,1.0,2.0,0.288,0.342,0.631,0.201,巨人,1700047
38,岸田行倫,11000000,0.302,34.0,48.0,43.0,13.0,3.0,0.0,1.0,19.0,2.0,5.0,16.0,3.0,0.0,0.0,0.34,0.442,0.782,0.333,巨人,1700043
39,立岡宗一郎,26000000,0.261,29.0,27.0,23.0,6.0,0.0,1.0,1.0,11.0,5.0,4.0,6.0,4.0,0.0,1.0,0.37,0.478,0.849,0.222,巨人,900093
43,重信慎之介,35000000,0.256,60.0,96.0,90.0,23.0,5.0,1.0,1.0,33.0,17.0,6.0,33.0,6.0,0.0,5.0,0.302,0.367,0.669,0.344,巨人,
44,モタ,2400000,0.222,9.0,11.0,9.0,2.0,0.0,0.0,1.0,5.0,3.0,4.0,3.0,2.0,0.0,1.0,0.364,0.556,0.919,0.273,巨人,
48,ゼラス・ウィーラー,200000000,0.247,98.0,288.0,263.0,65.0,9.0,0.0,12.0,110.0,26.0,36.0,47.0,22.0,2.0,3.0,0.309,0.418,0.727,0.163,巨人,
51,田中俊太,17000000,0.265,48.0,78.0,68.0,18.0,2.0,1.0,1.0,25.0,7.0,6.0,15.0,8.0,1.0,2.0,0.346,0.368,0.714,0.192,巨人,1700046
52,北村拓己,8600000,0.227,57.0,88.0,75.0,17.0,2.0,0.0,2.0,25.0,9.0,10.0,24.0,10.0,1.0,0.0,0.326,0.333,0.659,0.273,巨人,
56,山本泰寛,26000000,,,,,,,,,,,,,,,,,,,,巨人,1500050
59,松原聖弥,6000000,0.263,86.0,313.0,278.0,73.0,11.0,5.0,3.0,103.0,42.0,19.0,71.0,29.0,0.0,12.0,0.33,0.371,0.701,0.227,巨人,
60,菊田拡和,6000000,,,,,,,,,,,,,,,,,,,,巨人,
61,増田陸,6500000,,,,,,,,,,,,,,,,,,,,巨人,1800024
65,松井義弥,5200000,,,,,,,,,,,,,,,,,,,,巨人,
66,村上海斗,7100000,,,,,,,,,,,,,,,,,,,,巨人,
67,山瀬慎之助,5400000,,,,,,,,,,,,,,,,,,,,巨人,1900020
69,田中貴也,6000000,,,,,,,,,,,,,,,,,,,,巨人,1400107
88,パーラ,160000000,0.267,47.0,154.0,146.0,39.0,3.0,1.0,4.0,56.0,14.0,13.0,35.0,8.0,0.0,0.0,0.305,0.384,0.689,0.227,巨人,
93,湯浅大,5500000,0.0,13.0,9.0,7.0,0.0,0.0,0.0,0.0,0.0,3.0,0.0,3.0,1.0,0.0,2.0,0.125,0.0,0.125,0.333,巨人,1700049
94,加藤脩平,4600000,0.0,1.0,1.0,1.0,0.0,0.0,0.0,0.0,0.0,0.0,0.0,1.0,0.0,0.0,0.0,0.0,0.0,0.0,1.0,巨人,
97,伊藤海斗,5400000,,,,,,,,,,,,,,,,,,,,巨人,
99,山下航汰,6000000,,,,,,,,,,,,,,,,,,,,巨人,
0,中井大介,21000000,0.25,69.0,105.0,100.0,25.0,3.0,1.0,2.0,36.0,12.0,4.0,23.0,3.0,1.0,1.0,0.279,0.36,0.639,0.219,DeNA,800002
00,宮本秀明,7600000,0.4,6.0,5.0,5.0,2.0,0.0,0.0,0.0,2.0,1.0,0.0,3.0,0.0,0.0,0.0,0.4,0.4,0.8,0.6,DeNA,
1,桑原将志,65000000,0.139,34.0,42.0,36.0,5.0,0.0,0.0,1.0,8.0,8.0,2.0,11.0,3.0,1.0,0.0,0.22,0.222,0.442,0.262,DeNA,1100061
2,J.ロペス,230000000,0.246,81.0,305.0,293.0,72.0,8.0,0.0,12.0,116.0,26.0,42.0,36.0,10.0,0.0,0.0,0.269,0.396,0.665,0.118,DeNA,
3,梶谷隆幸,74000000,0.323,109.0,482.0,433.0,140.0,29.0,1.0,19.0,228.0,88.0,53.0,85.0,45.0,1.0,14.0,0.387,0.527,0.913,0.176,DeNA,
4,伊藤裕季也,13750000,0.286,5.0,17.0,14.0,4.0,0.0,1.0,0.0,6.0,1.0,1.0,2.0,2.0,0.0,0.0,0.375,0.429,0.804,0.118,DeNA,1800044
5,倉本寿彦,50000000,0.276,82.0,216.0,199.0,55.0,4.0,0.0,1.0,62.0,19.0,17.0,42.0,16.0,1.0,0.0,0.333,0.312,0.645,0.194,DeNA,1400111
6,森敬斗,10000000,0.25,8.0,12.0,12.0,3.0,1.0,0.0,0.0,4.0,3.0,0.0,1.0,0.0,0.0,0.0,0.25,0.333,0.583,0.083,DeNA,1900030
8,神里和毅,48000000,0.308,80.0,190.0,169.0,52.0,8.0,1.0,3.0,71.0,38.0,17.0,42.0,15.0,3.0,7.0,0.37,0.42,0.79,0.221,DeNA,1700059
9,大和,100000000,0.281,85.0,225.0,199.0,56.0,7.0,1.0,4.0,77.0,23.0,23.0,28.0,20.0,0.0,3.0,0.342,0.387,0.729,0.124,DeNA,
10,戸柱恭孝,32000000,0.212,96.0,276.0,259.0,55.0,8.0,1.0,5.0,80.0,21.0,23.0,53.0,11.0,0.0,0.0,0.244,0.309,0.552,0.192,DeNA,1500064
23,オースティン,100000000,0.286,65.0,269.0,238.0,68.0,14.0,1.0,20.0,144.0,36.0,56.0,69.0,29.0,1.0,0.0,0.364,0.605,0.969,0.257,DeNA,
29,伊藤光,110000000,0.216,30.0,63.0,51.0,11.0,3.0,1.0,0.0,16.0,5.0,6.0,15.0,10.0,1.0,0.0,0.355,0.314,0.669,0.238,DeNA,800075
31,柴田竜拓,43000000,0.266,110.0,276.0,233.0,62.0,14.0,0.0,2.0,82.0,33.0,20.0,50.0,29.0,4.0,0.0,0.356,0.352,0.708,0.181,DeNA,1500063
32,益子京右,5400000,,,,,,,,,,,,,,,,,,,,DeNA,1800047
33,乙坂智,32000000,0.208,85.0,115.0,101.0,21.0,3.0,0.0,1.0,27.0,17.0,7.0,28.0,12.0,0.0,5.0,0.289,0.267,0.557,0.243,DeNA,
36,高城俊人,12000000,0.19,23.0,46.0,42.0,8.0,0.0,0.0,3.0,17.0,4.0,5.0,22.0,2.0,1.0,0.0,0.244,0.405,0.649,0.478,DeNA,
37,楠本泰史,13800000,0.154,28.0,29.0,26.0,4.0,2.0,0.0,1.0,9.0,6.0,1.0,7.0,2.0,1.0,0.0,0.241,0.346,0.588,0.241,DeNA,
38,山下幸輝,8850000,0.209,39.0,46.0,43.0,9.0,2.0,0.0,0.0,11.0,2.0,1.0,7.0,3.0,0.0,0.0,0.261,0.256,0.517,0.152,DeNA,
39,嶺井博希,31000000,0.327,41.0,60.0,55.0,18.0,3.0,0.0,0.0,21.0,2.0,8.0,14.0,4.0,1.0,0.0,0.383,0.382,0.765,0.233,DeNA,1300093
40,飛雄馬,6600000,,,,,,,,,,,,,,,,,,,,DeNA,
42,石川雄洋,39000000,,,,,,,,,,,,,,,,,,,,DeNA,
44,佐野恵太,24000000,0.328,106.0,451.0,402.0,132.0,20.0,1.0,20.0,214.0,48.0,69.0,58.0,42.0,4.0,0.0,0.395,0.532,0.927,0.129,DeNA,1600089
50,山本祐大,5950000,0.0,2.0,3.0,3.0,0.0,0.0,0.0,0.0,0.0,0.0,0.0,1.0,0.0,0.0,0.0,0.0,0.0,0.0,0.333,DeNA,1700066
51,宮崎敏郎,160000000,0.301,113.0,460.0,429.0,129.0,26.0,1.0,14.0,199.0,47.0,53.0,29.0,24.0,4.0,0.0,0.341,0.464,0.805,0.063,DeNA,1200053
52,細川成也,8800000,0.235,19.0,54.0,51.0,12.0,2.0,0.0,1.0,17.0,6.0,1.0,20.0,2.0,1.0,1.0,0.278,0.333,0.611,0.37,DeNA,1600085
55,田部隼人,5200000,,,,,,,,,,,,,,,,,,,,DeNA,
57,東妻純平,6200000,,,,,,,,,,,,,,,,,,,,DeNA,1900033
60,知野直人,6200000,,,,,,,,,,,,,,,,,,,,DeNA,1800048
61,蝦名達夫,7500000,0.143,17.0,24.0,21.0,3.0,1.0,0.0,1.0,7.0,3.0,1.0,8.0,2.0,1.0,0.0,0.25,0.333,0.583,0.333,DeNA,1900035
63,関根大気,12800000,,,,,,,,,,,,,,,,,,,,DeNA,1300038
64,百瀬大騎,5900000,0.25,4.0,4.0,4.0,1.0,0.0,0.0,0.0,1.0,0.0,1.0,2.0,0.0,0.0,0.0,0.25,0.25,0.5,0.5,DeNA,
99,ソト,185000000,0.252,114.0,480.0,428.0,108.0,18.0,0.0,25.0,201.0,59.0,78.0,103.0,44.0,3.0,0.0,0.323,0.47,0.793,0.215,DeNA,
108,F.デラロサ,2400000,,,,,,,,,,,,,,,,,,,,DeNA,
00,上本博紀,48000000,0.171,25.0,51.0,41.0,7.0,3.0,0.0,0.0,10.0,2.0,4.0,11.0,4.0,0.0,2.0,0.239,0.244,0.483,0.216,阪神,900023
0,木浪聖也,22000000,0.249,92.0,334.0,297.0,74.0,20.0,1.0,3.0,105.0,42.0,25.0,54.0,24.0,2.0,2.0,0.307,0.354,0.66,0.162,阪神,1800067
2,北條史也,28000000,0.192,40.0,112.0,99.0,19.0,4.0,0.0,2.0,29.0,10.0,7.0,23.0,9.0,1.0,2.0,0.266,0.293,0.559,0.205,阪神,
3,大山悠輔,47000000,0.288,116.0,471.0,423.0,122.0,21.0,5.0,28.0,237.0,66.0,85.0,96.0,41.0,5.0,1.0,0.357,0.56,0.918,0.204,阪神,1600113
4,熊谷敬宥,9000000,0.312,38.0,17.0,16.0,5.0,2.0,0.0,0.0,7.0,6.0,3.0,5.0,1.0,0.0,3.0,0.353,0.438,0.79,0.294,阪神,1700079
5,近本光司,45000000,0.293,120.0,519.0,474.0,139.0,21.0,5.0,9.0,197.0,81.0,45.0,61.0,30.0,7.0,31.0,0.344,0.416,0.759,0.118,阪神,1800065
7,糸井嘉男,400000000,0.268,86.0,311.0,269.0,72.0,16.0,1.0,2.0,96.0,25.0,28.0,50.0,38.0,3.0,2.0,0.363,0.357,0.72,0.161,阪神,
8,福留孝介,130000000,0.154,43.0,92.0,78.0,12.0,2.0,0.0,1.0,17.0,3.0,12.0,31.0,11.0,0.0,0.0,0.25,0.218,0.468,0.337,阪神,
9,高山俊,36000000,0.152,42.0,52.0,46.0,7.0,3.0,0.0,0.0,10.0,6.0,3.0,10.0,3.0,1.0,1.0,0.216,0.217,0.433,0.192,阪神,1500086
12,坂本誠志郎,14000000,0.213,38.0,95.0,75.0,16.0,4.0,0.0,0.0,20.0,5.0,4.0,20.0,13.0,0.0,1.0,0.33,0.267,0.596,0.211,阪神,1500087
25,江越大賀,14000000,0.0,45.0,13.0,10.0,0.0,0.0,0.0,0.0,0.0,11.0,1.0,6.0,2.0,0.0,3.0,0.154,0.0,0.154,0.462,阪神,
31,マルテ,140000000,0.252,29.0,119.0,103.0,26.0,6.0,1.0,4.0,46.0,9.0,14.0,14.0,14.0,0.0,1.0,0.336,0.447,0.783,0.118,阪神,
32,井上広大,7200000,0.091,6.0,11.0,11.0,1.0,1.0,0.0,0.0,2.0,0.0,1.0,5.0,0.0,0.0,0.0,0.091,0.182,0.273,0.455,阪神,1900045
33,糸原健斗,60000000,0.294,63.0,244.0,218.0,64.0,5.0,2.0,3.0,82.0,32.0,20.0,33.0,19.0,3.0,1.0,0.357,0.376,0.733,0.135,阪神,1600117
38,小幡竜平,7200000,0.22,54.0,134.0,127.0,28.0,1.0,2.0,0.0,33.0,15.0,7.0,37.0,5.0,1.0,3.0,0.256,0.26,0.515,0.276,阪神,1800066
39,長坂拳弥,7500000,0.4,5.0,5.0,5.0,2.0,0.0,0.0,1.0,5.0,1.0,2.0,3.0,0.0,0.0,1.0,0.4,1.0,1.4,0.6,阪神,1600119
41,ボーア,270000000,0.243,99.0,379.0,329.0,80.0,8.0,0.0,17.0,139.0,27.0,45.0,88.0,45.0,3.0,1.0,0.338,0.422,0.76,0.232,阪神,
44,梅野隆太郎,100000000,0.262,98.0,342.0,298.0,78.0,17.0,0.0,7.0,116.0,36.0,29.0,77.0,33.0,0.0,5.0,0.333,0.389,0.723,0.225,阪神,1300073
45,遠藤成,5000000,,,,,,,,,,,,,,,,,,,,阪神,1900047
51,伊藤隼太,18000000,,,,,,,,,,,,,,,,,,,,阪神,1100075
52,サンズ,121000000,0.257,110.0,443.0,377.0,97.0,16.0,0.0,19.0,170.0,47.0,64.0,106.0,61.0,3.0,2.0,0.363,0.451,0.814,0.239,阪神,
53,島田海吏,8000000,0.176,43.0,21.0,17.0,3.0,0.0,0.0,0.0,3.0,4.0,1.0,4.0,2.0,1.0,3.0,0.3,0.176,0.476,0.19,阪神,1700080
55,陽川尚将,19000000,0.247,71.0,182.0,158.0,39.0,6.0,0.0,8.0,69.0,19.0,24.0,42.0,15.0,6.0,2.0,0.333,0.437,0.77,0.231,阪神,
57,岡崎太一,13000000,,,,,,,,,,,,,,,,,,,,阪神,
58,荒木郁也,8500000,0.091,16.0,11.0,11.0,1.0,0.0,0.0,0.0,1.0,2.0,0.0,4.0,0.0,0.0,2.0,0.091,0.091,0.182,0.364,阪神,
59,藤田健斗,5000000,,,,,,,,,,,,,,,,,,,,阪神,1900048
60,中谷将大,30000000,0.215,70.0,87.0,79.0,17.0,1.0,0.0,2.0,24.0,10.0,16.0,27.0,5.0,1.0,1.0,0.267,0.304,0.571,0.31,阪神,1000145
62,植田海,16000000,0.153,74.0,83.0,59.0,9.0,2.0,0.0,0.0,11.0,16.0,3.0,22.0,14.0,4.0,9.0,0.351,0.186,0.537,0.265,阪神,1400172
63,板山祐太郎,8500000,0.167,5.0,14.0,12.0,2.0,0.0,0.0,0.0,2.0,1.0,0.0,3.0,2.0,0.0,1.0,0.286,0.167,0.452,0.214,阪神,1500091
68,俊介,32000000,0.125,9.0,8.0,8.0,1.0,0.0,0.0,0.0,1.0,0.0,0.0,2.0,0.0,0.0,0.0,0.125,0.125,0.25,0.25,阪神,
94,原口文仁,28000000,0.278,48.0,78.0,72.0,20.0,3.0,0.0,3.0,32.0,5.0,19.0,16.0,5.0,1.0,0.0,0.333,0.444,0.778,0.205,阪神,
95,片山雄哉,4200000,,,,,,,,,,,,,,,,,,,,阪神,
125,藤谷洸介,6300000,,,,,,,,,,,,,,,,,,,,阪神,
127,小野寺暖,3000000,,,,,,,,,,,,,,,,,,,,阪神,1900050
128,奥山皓太,3000000,,,,,,,,,,,,,,,,,,,,阪神,
00,奥村展征,14000000,,,,,,,,,,,,,,,,,,,,ヤクルト,
0,藤井亮太,11000000,0.278,10.0,20.0,18.0,5.0,0.0,0.0,0.0,5.0,1.0,0.0,3.0,1.0,0.0,0.0,0.316,0.278,0.594,0.15,ヤクルト,
1,山田哲人,500000000,0.254,94.0,384.0,334.0,85.0,17.0,1.0,12.0,140.0,52.0,52.0,83.0,48.0,0.0,8.0,0.346,0.419,0.766,0.216,ヤクルト,1000132
2,A.エスコバー,88000000,0.273,104.0,402.0,377.0,103.0,14.0,2.0,1.0,124.0,27.0,30.0,52.0,13.0,9.0,6.0,0.312,0.329,0.641,0.129,ヤクルト,
3,西浦直亨,30000000,0.245,101.0,310.0,286.0,70.0,10.0,0.0,10.0,110.0,24.0,43.0,74.0,16.0,2.0,4.0,0.288,0.385,0.672,0.239,ヤクルト,1300095
5,川端慎吾,40000000,0.128,39.0,42.0,39.0,5.0,0.0,0.0,0.0,5.0,3.0,2.0,4.0,3.0,0.0,0.0,0.19,0.128,0.319,0.095,ヤクルト,600011
8,中山翔太,15000000,0.229,29.0,53.0,48.0,11.0,1.0,0.0,4.0,24.0,4.0,8.0,19.0,3.0,1.0,0.0,0.283,0.5,0.783,0.358,ヤクルト,1800034
9,塩見泰隆,10500000,0.279,43.0,179.0,154.0,43.0,4.0,2.0,8.0,75.0,20.0,21.0,44.0,17.0,5.0,13.0,0.369,0.487,0.856,0.246,ヤクルト,1700087
10,荒木貴裕,30000000,0.164,63.0,84.0,73.0,12.0,1.0,1.0,1.0,18.0,10.0,7.0,18.0,6.0,1.0,0.0,0.235,0.247,0.481,0.214,ヤクルト,
23,青木宣親,340000000,0.317,107.0,425.0,357.0,113.0,30.0,1.0,18.0,199.0,64.0,51.0,51.0,62.0,5.0,2.0,0.424,0.557,0.981,0.12,ヤクルト,
30,西田明央,15000000,0.232,69.0,215.0,190.0,44.0,5.0,0.0,7.0,70.0,20.0,20.0,48.0,20.0,3.0,0.0,0.313,0.368,0.682,0.223,ヤクルト,
31,山崎晃大朗,13000000,0.245,109.0,323.0,282.0,69.0,6.0,1.0,3.0,86.0,29.0,23.0,70.0,31.0,1.0,8.0,0.32,0.305,0.625,0.217,ヤクルト,1500044
32,松本直樹,10000000,0.231,6.0,14.0,13.0,3.0,0.0,0.0,0.0,3.0,0.0,0.0,3.0,1.0,0.0,0.0,0.286,0.231,0.516,0.214,ヤクルト,1700090
36,廣岡大志,15000000,0.215,87.0,142.0,121.0,26.0,4.0,0.0,8.0,54.0,15.0,15.0,43.0,16.0,0.0,4.0,0.302,0.446,0.748,0.303,ヤクルト,1500041
39,宮本丈,8500000,0.274,94.0,171.0,146.0,40.0,8.0,0.0,2.0,54.0,16.0,12.0,23.0,18.0,2.0,3.0,0.361,0.37,0.731,0.135,ヤクルト,1700089
41,雄平,100000000,0.223,43.0,113.0,103.0,23.0,4.0,0.0,0.0,27.0,6.0,9.0,23.0,6.0,1.0,3.0,0.265,0.262,0.528,0.204,ヤクルト,
42,坂口智隆,115000000,0.246,114.0,458.0,398.0,98.0,14.0,1.0,9.0,141.0,55.0,36.0,60.0,47.0,7.0,4.0,0.334,0.354,0.688,0.131,ヤクルト,
45,嶋基宏,50000000,0.098,20.0,45.0,41.0,4.0,2.0,0.0,0.0,6.0,2.0,4.0,19.0,3.0,0.0,0.0,0.159,0.146,0.305,0.422,ヤクルト,700072
46,太田賢吾,17000000,0.0,4.0,4.0,4.0,0.0,0.0,0.0,0.0,0.0,0.0,0.0,1.0,0.0,0.0,0.0,0.0,0.0,0.0,0.25,ヤクルト,
49,渡邉大樹,5800000,0.273,33.0,12.0,11.0,3.0,0.0,0.0,0.0,3.0,7.0,0.0,3.0,1.0,0.0,2.0,0.333,0.273,0.606,0.25,ヤクルト,
50,上田剛史,25000000,0.125,53.0,61.0,56.0,7.0,1.0,0.0,0.0,8.0,13.0,2.0,15.0,2.0,0.0,5.0,0.153,0.143,0.295,0.246,ヤクルト,
51,濱田太貴,5500000,0.2,33.0,105.0,100.0,20.0,4.0,0.0,3.0,33.0,7.0,7.0,30.0,5.0,0.0,0.0,0.238,0.33,0.568,0.286,ヤクルト,1800036
52,中村悠平,90000000,0.175,29.0,92.0,80.0,14.0,2.0,0.0,0.0,16.0,10.0,3.0,14.0,9.0,0.0,0.0,0.256,0.2,0.456,0.152,ヤクルト,900044
55,村上宗隆,45000000,0.307,120.0,515.0,424.0,130.0,30.0,2.0,28.0,248.0,70.0,86.0,115.0,87.0,3.0,11.0,0.427,0.585,1.012,0.223,ヤクルト,
57,古賀優大,6300000,0.048,27.0,46.0,42.0,2.0,0.0,0.0,0.0,2.0,0.0,1.0,4.0,0.0,2.0,0.0,0.089,0.048,0.137,0.087,ヤクルト,1600078
58,長岡秀樹,5000000,0.083,6.0,13.0,12.0,1.0,0.0,0.0,0.0,1.0,0.0,0.0,3.0,0.0,0.0,0.0,0.083,0.083,0.167,0.231,ヤクルト,1900028
59,大村孟,6500000,,,,,,,,,,,,,,,,,,,,ヤクルト,
60,武岡龍世,4800000,0.333,5.0,12.0,9.0,3.0,0.0,0.0,0.0,3.0,0.0,0.0,3.0,2.0,0.0,0.0,0.455,0.333,0.788,0.25,ヤクルト,1900029
63,井野卓,14000000,0.105,32.0,22.0,19.0,2.0,0.0,1.0,0.0,4.0,1.0,4.0,6.0,1.0,0.0,0.0,0.15,0.211,0.361,0.273,ヤクルト,600046
65,田代将太郎,10000000,0.149,46.0,53.0,47.0,7.0,1.0,1.0,0.0,10.0,5.0,2.0,16.0,5.0,0.0,1.0,0.231,0.213,0.444,0.302,ヤクルト,
66,吉田大成,7500000,0.111,8.0,11.0,9.0,1.0,1.0,0.0,0.0,2.0,0.0,1.0,2.0,1.0,0.0,0.0,0.2,0.222,0.422,0.182,ヤクルト,
117,松本友,3000000,0.2,9.0,11.0,10.0,2.0,1.0,0.0,0.0,3.0,2.0,0.0,3.0,1.0,0.0,0.0,0.273,0.3,0.573,0.273,ヤクルト,
118,内山太嗣,2800000,,,,,,,,,,,,,,,,,,,,ヤクルト,
0,高松渡,6000000,,,,,,,,,,,,,,,,,,,,中日,1700103
1,京田陽太,64000000,0.247,120.0,491.0,442.0,109.0,16.0,7.0,5.0,154.0,43.0,29.0,80.0,27.0,6.0,8.0,0.298,0.348,0.647,0.163,中日,1600107
2,石川昂弥,16000000,0.222,14.0,41.0,36.0,8.0,2.0,0.0,0.0,10.0,3.0,1.0,12.0,3.0,1.0,0.0,0.3,0.278,0.578,0.293,中日,1900037
3,高橋周平,60000000,0.305,108.0,438.0,394.0,120.0,25.0,1.0,7.0,168.0,46.0,46.0,70.0,39.0,2.0,1.0,0.368,0.426,0.794,0.16,中日,1100069
4,藤井淳志,42000000,,,,,,,,,,,,,,,,,,,,中日,
5,阿部寿樹,30000000,0.257,115.0,459.0,421.0,108.0,25.0,0.0,13.0,172.0,44.0,61.0,92.0,30.0,1.0,2.0,0.306,0.409,0.715,0.2,中日,1500078
6,平田良介,180000000,0.235,55.0,193.0,166.0,39.0,7.0,0.0,3.0,55.0,26.0,17.0,33.0,24.0,2.0,0.0,0.337,0.331,0.668,0.171,中日,600004
7,根尾昂,13000000,0.087,9.0,25.0,23.0,2.0,0.0,0.0,0.0,2.0,3.0,0.0,7.0,2.0,0.0,0.0,0.16,0.087,0.247,0.28,中日,1800059
8,大島洋平,250000000,0.316,118.0,525.0,462.0,146.0,21.0,3.0,1.0,176.0,58.0,30.0,51.0,47.0,4.0,16.0,0.382,0.381,0.763,0.097,中日,900410
9,石川駿,6000000,0.3,11.0,13.0,10.0,3.0,0.0,1.0,0.0,5.0,0.0,2.0,3.0,1.0,2.0,0.0,0.462,0.5,0.962,0.231,中日,
23,遠藤一星,14000000,0.219,65.0,87.0,73.0,16.0,1.0,0.0,0.0,17.0,16.0,4.0,12.0,6.0,3.0,0.0,0.301,0.233,0.534,0.138,中日,
26,井領雅貴,11000000,0.2,79.0,155.0,135.0,27.0,3.0,0.0,0.0,30.0,9.0,12.0,24.0,18.0,0.0,0.0,0.294,0.222,0.516,0.155,中日,
27,大野奨太,100000000,,,,,,,,,,,,,,,,,,,,中日,900065
31,渡辺勝,7000000,0.2,19.0,16.0,15.0,3.0,0.0,0.0,0.0,3.0,6.0,0.0,6.0,1.0,0.0,0.0,0.25,0.2,0.45,0.375,中日,
32,石垣雅海,6600000,0.121,25.0,34.0,33.0,4.0,0.0,0.0,1.0,7.0,5.0,1.0,12.0,1.0,0.0,0.0,0.147,0.212,0.359,0.353,中日,
35,木下拓哉,12000000,0.267,88.0,269.0,251.0,67.0,14.0,1.0,6.0,101.0,19.0,32.0,49.0,12.0,1.0,0.0,0.303,0.402,0.705,0.182,中日,1500076
37,三ツ俣大樹,8000000,0.167,8.0,6.0,6.0,1.0,0.0,0.0,0.0,1.0,1.0,0.0,2.0,0.0,0.0,0.0,0.167,0.167,0.333,0.333,中日,
42,アルモンテ,100000000,0.294,62.0,247.0,214.0,63.0,9.0,0.0,9.0,99.0,32.0,29.0,42.0,30.0,2.0,1.0,0.385,0.463,0.847,0.17,中日,
44,郡司裕也,9000000,0.156,30.0,76.0,64.0,10.0,3.0,0.0,0.0,13.0,6.0,4.0,19.0,9.0,1.0,0.0,0.267,0.203,0.47,0.25,中日,1900040
45,シエラ,25000000,0.225,25.0,94.0,80.0,18.0,2.0,0.0,1.0,23.0,9.0,7.0,25.0,10.0,3.0,1.0,0.33,0.287,0.617,0.266,中日,
48,溝脇隼人,6500000,0.213,39.0,50.0,47.0,10.0,1.0,2.0,0.0,15.0,6.0,3.0,8.0,2.0,0.0,0.0,0.245,0.319,0.564,0.16,中日,
49,伊藤康祐,7000000,,,,,,,,,,,,,,,,,,,,中日,
51,滝野要,6500000,0.286,10.0,8.0,7.0,2.0,0.0,0.0,0.0,2.0,2.0,0.0,1.0,1.0,0.0,0.0,0.375,0.286,0.661,0.125,中日,
52,加藤匠馬,18000000,0.135,29.0,43.0,37.0,5.0,1.0,0.0,0.0,6.0,0.0,1.0,8.0,1.0,0.0,0.0,0.158,0.162,0.32,0.186,中日,1400160
55,福田永将,65000000,0.246,64.0,216.0,195.0,48.0,11.0,1.0,5.0,76.0,18.0,24.0,43.0,18.0,2.0,0.0,0.315,0.39,0.705,0.199,中日,700035
56,武田健吾,16500000,0.182,84.0,64.0,55.0,10.0,2.0,0.0,0.0,12.0,9.0,2.0,13.0,5.0,0.0,1.0,0.246,0.218,0.464,0.203,中日,
58,石橋康太,7200000,,,,,,,,,,,,,,,,,,,,中日,1800062
60,岡林勇希,5500000,0.286,6.0,7.0,7.0,2.0,0.0,0.0,0.0,2.0,2.0,0.0,2.0,0.0,0.0,0.0,0.286,0.286,0.571,0.286,中日,1900041
63,堂上直倫,30000000,0.2,43.0,55.0,50.0,10.0,2.0,0.0,0.0,12.0,2.0,4.0,11.0,4.0,0.0,0.0,0.255,0.24,0.495,0.2,中日,700034
66,ビシエド,350000000,0.267,109.0,462.0,409.0,109.0,23.0,0.0,17.0,183.0,48.0,82.0,48.0,34.0,9.0,3.0,0.329,0.447,0.776,0.104,中日,
68,桂依央利,7600000,0.222,2.0,9.0,9.0,2.0,1.0,0.0,0.0,3.0,1.0,2.0,3.0,0.0,0.0,0.0,0.222,0.333,0.556,0.333,中日,
205,石岡諒太,6000000,,,,,,,,,,,,,,,,,,,,中日,
210,A.マルティネス,10000000,0.295,39.0,109.0,95.0,28.0,6.0,0.0,2.0,40.0,8.0,13.0,31.0,14.0,0.0,0.0,0.385,0.421,0.806,0.284,中日,
2,杉谷拳士,30000000,0.221,88.0,161.0,131.0,29.0,8.0,1.0,2.0,45.0,28.0,11.0,32.0,12.0,4.0,4.0,0.306,0.344,0.65,0.199,日本ハム,
3,王柏融,100000000,0.207,52.0,95.0,87.0,18.0,4.0,0.0,2.0,28.0,9.0,9.0,27.0,6.0,1.0,0.0,0.263,0.322,0.585,0.284,日本ハム,
4,谷口雄也,16000000,0.222,7.0,9.0,9.0,2.0,1.0,0.0,0.0,3.0,1.0,1.0,3.0,0.0,0.0,0.0,0.222,0.333,0.556,0.333,日本ハム,
5,大田泰示,100000000,0.275,115.0,481.0,455.0,125.0,16.0,1.0,14.0,185.0,57.0,68.0,105.0,25.0,1.0,3.0,0.314,0.407,0.721,0.218,日本ハム,900011
6,中田翔,290000000,0.239,119.0,506.0,440.0,105.0,18.0,0.0,31.0,216.0,52.0,108.0,109.0,55.0,2.0,1.0,0.32,0.491,0.811,0.215,日本ハム,
7,西川遥輝,200000000,0.306,115.0,523.0,422.0,129.0,17.0,3.0,5.0,167.0,82.0,39.0,84.0,92.0,2.0,42.0,0.43,0.396,0.825,0.161,日本ハム,1000100
8,近藤健介,150000000,0.34,108.0,467.0,371.0,126.0,31.0,1.0,5.0,174.0,56.0,60.0,72.0,89.0,2.0,4.0,0.465,0.469,0.934,0.154,日本ハム,1100097
9,中島卓也,90000000,0.201,88.0,191.0,159.0,32.0,5.0,0.0,0.0,37.0,22.0,8.0,36.0,22.0,0.0,11.0,0.298,0.233,0.531,0.188,日本ハム,900069
10,清水優心,26000000,0.193,69.0,157.0,135.0,26.0,7.0,0.0,3.0,42.0,13.0,16.0,37.0,7.0,1.0,0.0,0.234,0.311,0.546,0.236,日本ハム,1400118
12,松本剛,18000000,0.203,84.0,162.0,138.0,28.0,2.0,2.0,1.0,37.0,19.0,11.0,21.0,8.0,4.0,5.0,0.265,0.268,0.533,0.13,日本ハム,1100095
21,清宮幸太郎,20000000,0.19,96.0,263.0,226.0,43.0,9.0,0.0,7.0,73.0,23.0,22.0,59.0,33.0,3.0,2.0,0.3,0.323,0.623,0.224,日本ハム,1700025
22,鶴岡慎也,60000000,0.294,18.0,17.0,17.0,5.0,0.0,0.0,0.0,5.0,0.0,2.0,2.0,0.0,0.0,0.0,0.294,0.294,0.588,0.118,日本ハム,
23,渡邉諒,35000000,0.283,117.0,465.0,414.0,117.0,13.0,4.0,6.0,156.0,49.0,39.0,81.0,43.0,0.0,4.0,0.348,0.377,0.725,0.174,日本ハム,1300042
24,野村佑希,6000000,0.257,21.0,76.0,74.0,19.0,3.0,2.0,3.0,35.0,8.0,18.0,17.0,1.0,1.0,0.0,0.276,0.473,0.749,0.224,日本ハム,1800091
26,淺間大基,10500000,0.19,42.0,63.0,58.0,11.0,2.0,0.0,0.0,13.0,3.0,1.0,21.0,3.0,0.0,0.0,0.23,0.224,0.454,0.333,日本ハム,1400119
30,宇佐見真吾,20000000,0.178,80.0,187.0,169.0,30.0,1.0,0.0,3.0,40.0,10.0,15.0,45.0,8.0,0.0,0.0,0.213,0.237,0.45,0.241,日本ハム,1500049
32,谷内亮太,10500000,0.312,50.0,18.0,16.0,5.0,0.0,0.0,0.0,5.0,3.0,3.0,3.0,1.0,0.0,0.0,0.333,0.312,0.646,0.167,日本ハム,1200080
38,石井一成,19000000,0.179,59.0,104.0,95.0,17.0,4.0,1.0,0.0,23.0,9.0,3.0,13.0,3.0,0.0,1.0,0.202,0.242,0.444,0.125,日本ハム,1600134
42,黒羽根利規,12500000,,,,,,,,,,,,,,,,,,,,日本ハム,
43,白村明弘,9000000,,,,,,,,,,,,,,,,,,,,日本ハム,
44,ビヤヌエバ,80000000,0.22,54.0,196.0,168.0,37.0,3.0,0.0,4.0,52.0,11.0,19.0,39.0,22.0,4.0,1.0,0.321,0.31,0.631,0.199,日本ハム,
45,平沼翔太,10000000,0.228,52.0,180.0,158.0,36.0,6.0,2.0,0.0,46.0,18.0,6.0,24.0,12.0,4.0,1.0,0.299,0.291,0.59,0.133,日本ハム,1500112
48,上野響平,5300000,,,,,,,,,,,,,,,,,,,,日本ハム,
55,難波侑平,5200000,,,,,,,,,,,,,,,,,,,,日本ハム,
58,横尾俊建,20000000,0.252,44.0,116.0,107.0,27.0,2.0,0.0,2.0,35.0,10.0,11.0,16.0,6.0,2.0,0.0,0.302,0.327,0.629,0.138,日本ハム,1500114
60,郡拓也,5200000,0.0,9.0,7.0,6.0,0.0,0.0,0.0,0.0,0.0,1.0,0.0,1.0,1.0,0.0,0.0,0.143,0.0,0.143,0.143,日本ハム,1600138
61,姫野優也,4900000,,,,,,,,,,,,,,,,,,,,日本ハム,
64,田宮裕涼,4800000,0.429,4.0,7.0,7.0,3.0,0.0,0.0,0.0,3.0,1.0,0.0,2.0,0.0,0.0,1.0,0.429,0.429,0.857,0.286,日本ハム,1800095
65,梅林優貴,7000000,,,,,,,,,,,,,,,,,,,,日本ハム,1900075
66,万波中正,5300000,,,,,,,,,,,,,,,,,,,,日本ハム,1800093
67,片岡奨人,7000000,,,,,,,,,,,,,,,,,,,,日本ハム,
68,石川亮,12000000,0.143,17.0,22.0,21.0,3.0,1.0,0.0,0.0,4.0,0.0,1.0,8.0,0.0,0.0,0.0,0.143,0.19,0.333,0.364,日本ハム,1300049
70,今井順之助,5100000,,,,,,,,,,,,,,,,,,,,日本ハム,
111,宮田輝星,2400000,,,,,,,,,,,,,,,,,,,,日本ハム,
112,樋口龍之介,2400000,0.14,25.0,64.0,50.0,7.0,0.0,0.0,1.0,10.0,4.0,1.0,15.0,9.0,1.0,0.0,0.283,0.2,0.483,0.234,日本ハム,
144,海老原一佳,3300000,,,,,,,,,,,,,,,,,,,,日本ハム,
162,高濱祐仁,4400000,0.316,10.0,23.0,19.0,6.0,0.0,0.0,0.0,6.0,4.0,0.0,6.0,2.0,0.0,0.0,0.381,0.316,0.697,0.261,日本ハム,
00,川瀬晃,5700000,0.191,70.0,164.0,141.0,27.0,6.0,1.0,0.0,35.0,12.0,10.0,26.0,11.0,1.0,2.0,0.253,0.248,0.501,0.159,ソフトバンク,1500143
0,高田知季,27000000,,,,,,,,,,,,,,,,,,,,ソフトバンク,1200108
1,内川聖一,248000000,,,,,,,,,,,,,,,,,,,,ソフトバンク,
4,バレンティン,500000000,0.168,60.0,218.0,191.0,32.0,7.0,0.0,9.0,66.0,16.0,22.0,59.0,25.0,0.0,0.0,0.261,0.346,0.607,0.271,ソフトバンク,
5,松田宣浩,450000000,0.228,116.0,431.0,395.0,90.0,16.0,3.0,13.0,151.0,36.0,46.0,76.0,32.0,1.0,1.0,0.285,0.382,0.668,0.176,ソフトバンク,
6,今宮健太,290000000,0.268,43.0,177.0,164.0,44.0,7.0,2.0,6.0,73.0,30.0,22.0,22.0,5.0,0.0,2.0,0.285,0.445,0.73,0.124,ソフトバンク,1000035
7,中村晃,240000000,0.271,100.0,413.0,362.0,98.0,13.0,2.0,6.0,133.0,43.0,50.0,47.0,39.0,3.0,0.0,0.341,0.367,0.709,0.114,ソフトバンク,800081
8,明石健志,100000000,0.253,63.0,172.0,154.0,39.0,9.0,1.0,2.0,56.0,20.0,17.0,32.0,12.0,0.0,4.0,0.305,0.364,0.669,0.186,ソフトバンク,
9,柳田悠岐,570000000,0.342,119.0,515.0,427.0,146.0,23.0,5.0,29.0,266.0,90.0,86.0,103.0,84.0,1.0,7.0,0.449,0.623,1.071,0.2,ソフトバンク,1000128
12,高谷裕亮,34000000,0.25,33.0,62.0,52.0,13.0,3.0,0.0,2.0,22.0,6.0,10.0,19.0,4.0,2.0,0.0,0.328,0.423,0.751,0.306,ソフトバンク,700099
19,甲斐拓也,110000000,0.211,104.0,360.0,289.0,61.0,15.0,0.0,11.0,109.0,44.0,33.0,80.0,43.0,3.0,4.0,0.317,0.377,0.694,0.222,ソフトバンク,1000176
22,西田哲朗,14000000,0.091,36.0,11.0,11.0,1.0,0.0,0.0,0.0,1.0,6.0,1.0,4.0,0.0,0.0,2.0,0.091,0.091,0.182,0.364,ソフトバンク,
23,周東佑京,20000000,0.27,103.0,346.0,307.0,83.0,8.0,7.0,1.0,108.0,48.0,27.0,79.0,24.0,2.0,50.0,0.325,0.352,0.677,0.228,ソフトバンク,1700135
24,長谷川勇也,80000000,0.224,29.0,87.0,76.0,17.0,5.0,0.0,1.0,25.0,6.0,7.0,18.0,10.0,1.0,0.0,0.322,0.329,0.651,0.207,ソフトバンク,700101
27,グラシアル,150000000,0.277,69.0,276.0,256.0,71.0,12.0,0.0,10.0,113.0,30.0,35.0,62.0,16.0,3.0,2.0,0.326,0.441,0.767,0.225,ソフトバンク,
30,佐藤直樹,16000000,,,,,,,,,,,,,,,,,,,,ソフトバンク,1900100
31,栗原陵矢,10000000,0.243,118.0,500.0,440.0,107.0,21.0,3.0,17.0,185.0,52.0,73.0,90.0,38.0,5.0,5.0,0.307,0.42,0.727,0.18,ソフトバンク,1400127
32,柳町達,7600000,0.25,12.0,6.0,4.0,1.0,0.0,0.0,0.0,1.0,0.0,1.0,0.0,1.0,0.0,0.0,0.4,0.25,0.65,0.0,ソフトバンク,1900104
33,増田珠,6600000,,,,,,,,,,,,,,,,,,,,ソフトバンク,1700131
36,牧原大成,40000000,0.241,77.0,180.0,170.0,41.0,7.0,2.0,1.0,55.0,25.0,8.0,25.0,3.0,1.0,6.0,0.256,0.324,0.579,0.139,ソフトバンク,1000175
45,谷川原健太,6000000,,,,,,,,,,,,,,,,,,,,ソフトバンク,1500140
46,コラス,15000000,,,,,,,,,,,,,,,,,,,,ソフトバンク,
51,上林誠知,65000000,0.181,69.0,178.0,160.0,29.0,4.0,1.0,6.0,53.0,17.0,20.0,39.0,11.0,4.0,8.0,0.25,0.331,0.581,0.219,ソフトバンク,1300079
52,リチャード,3000000,,,,,,,,,,,,,,,,,,,,ソフトバンク,
54,デスパイネ,400000000,0.224,25.0,97.0,85.0,19.0,1.0,0.0,6.0,38.0,9.0,12.0,11.0,12.0,0.0,0.0,0.32,0.447,0.767,0.113,ソフトバンク,
55,野村大樹,6300000,,,,,,,,,,,,,,,,,,,,ソフトバンク,1800108
59,水谷瞬,5000000,,,,,,,,,,,,,,,,,,,,ソフトバンク,1800110
60,釜元豪,13000000,0.192,32.0,29.0,26.0,5.0,0.0,0.0,0.0,5.0,5.0,2.0,10.0,3.0,0.0,3.0,0.276,0.192,0.468,0.345,ソフトバンク,
62,海野隆司,12000000,0.0,5.0,4.0,4.0,0.0,0.0,0.0,0.0,0.0,0.0,0.0,2.0,0.0,0.0,0.0,0.0,0.0,0.0,0.5,ソフトバンク,1900101
64,真砂勇介,6200000,0.314,50.0,41.0,35.0,11.0,2.0,1.0,1.0,18.0,9.0,6.0,11.0,4.0,2.0,2.0,0.415,0.514,0.929,0.268,ソフトバンク,
65,九鬼隆平,6200000,0.25,5.0,5.0,4.0,1.0,0.0,0.0,1.0,4.0,2.0,1.0,2.0,1.0,0.0,0.0,0.4,1.0,1.4,0.4,ソフトバンク,1600166
68,三森大貴,6000000,0.163,24.0,46.0,43.0,7.0,2.0,0.0,0.0,9.0,4.0,2.0,17.0,1.0,1.0,1.0,0.2,0.209,0.409,0.37,ソフトバンク,1600167
69,小林珠維,4600000,,,,,,,,,,,,,,,,,,,,ソフトバンク,1900103
99,川島慶三,70000000,0.263,59.0,162.0,137.0,36.0,4.0,0.0,4.0,52.0,21.0,9.0,17.0,19.0,4.0,0.0,0.369,0.38,0.748,0.105,ソフトバンク,600057
121,石塚綜一郎,3600000,,,,,,,,,,,,,,,,,,,,ソフトバンク,1900105
124,古澤勝吾,5900000,,,,,,,,,,,,,,,,,,,,ソフトバンク,
125,大本将吾,3000000,,,,,,,,,,,,,,,,,,,,ソフトバンク,
126,黒瀬健太,5000000,,,,,,,,,,,,,,,,,,,,ソフトバンク,
128,伊藤大将,3600000,,,,,,,,,,,,,,,,,,,,ソフトバンク,
130,勝連大稀,3600000,,,,,,,,,,,,,,,,,,,,ソフトバンク,
131,舟越秀虎,3600000,,,,,,,,,,,,,,,,,,,,ソフトバンク,
132,渡邉陸,3600000,,,,,,,,,,,,,,,,,,,,ソフトバンク,1800113
135,田城飛翔,3000000,,,,,,,,,,,,,,,,,,,,ソフトバンク,
136,荒木翔太,3600000,,,,,,,,,,,,,,,,,,,,ソフトバンク,
139,日暮矢麻人,3000000,,,,,,,,,,,,,,,,,,,,ソフトバンク,
141,清水陸哉,3000000,,,,,,,,,,,,,,,,,,,,ソフトバンク,
142,中村宜聖,3600000,,,,,,,,,,,,,,,,,,,,ソフトバンク,
144,堀内汰門,5000000,,,,,,,,,,,,,,,,,,,,ソフトバンク,
0,荻野貴司,78000000,0.291,53.0,236.0,203.0,59.0,17.0,0.0,1.0,79.0,30.0,10.0,23.0,24.0,2.0,19.0,0.37,0.389,0.759,0.097,ロッテ,
00,鳥谷敬,16000000,0.139,42.0,39.0,36.0,5.0,2.0,0.0,0.0,7.0,5.0,6.0,8.0,1.0,2.0,0.0,0.205,0.194,0.4,0.205,ロッテ,
1,清田育宏,60000000,0.278,70.0,209.0,180.0,50.0,13.0,0.0,7.0,84.0,18.0,23.0,52.0,22.0,2.0,0.0,0.363,0.467,0.829,0.249,ロッテ,
2,藤原恭大,15000000,0.26,26.0,105.0,96.0,25.0,5.0,0.0,3.0,39.0,10.0,10.0,33.0,6.0,0.0,4.0,0.301,0.406,0.707,0.314,ロッテ,1800050
3,角中勝也,100000000,0.244,84.0,254.0,217.0,53.0,9.0,3.0,2.0,74.0,21.0,15.0,41.0,24.0,5.0,2.0,0.332,0.341,0.673,0.161,ロッテ,700087
4,藤岡裕大,35000000,0.229,106.0,370.0,314.0,72.0,11.0,2.0,4.0,99.0,34.0,33.0,60.0,36.0,1.0,8.0,0.309,0.315,0.624,0.162,ロッテ,1700093
5,安田尚憲,13000000,0.221,113.0,460.0,393.0,87.0,19.0,1.0,6.0,126.0,32.0,54.0,106.0,62.0,1.0,2.0,0.326,0.321,0.647,0.23,ロッテ,1700092
7,福田秀平,36000000,0.216,62.0,225.0,204.0,44.0,11.0,1.0,5.0,72.0,20.0,19.0,73.0,17.0,0.0,3.0,0.276,0.353,0.629,0.324,ロッテ,
8,中村奨吾,72000000,0.249,120.0,499.0,422.0,105.0,25.0,0.0,8.0,154.0,57.0,49.0,97.0,52.0,8.0,6.0,0.341,0.365,0.706,0.194,ロッテ,1400188
10,加藤翔平,24000000,0.3,22.0,79.0,70.0,21.0,5.0,1.0,0.0,28.0,13.0,3.0,15.0,8.0,1.0,3.0,0.38,0.4,0.78,0.19,ロッテ,
13,平沢大河,23000000,,,,,,,,,,,,,,,,,,,,ロッテ,1500117
22,田村龍弘,70000000,0.217,92.0,237.0,203.0,44.0,7.0,0.0,4.0,63.0,12.0,23.0,45.0,20.0,3.0,1.0,0.295,0.31,0.605,0.19,ロッテ,1200096
23,三木亮,27000000,0.25,22.0,5.0,4.0,1.0,0.0,0.0,0.0,1.0,1.0,0.0,2.0,0.0,0.0,0.0,0.25,0.25,0.5,0.4,ロッテ,1300052
25,岡大海,28000000,0.143,62.0,64.0,56.0,8.0,0.0,0.0,0.0,8.0,12.0,2.0,18.0,7.0,0.0,7.0,0.238,0.143,0.381,0.281,ロッテ,1300044
31,菅野剛士,14400000,0.26,81.0,275.0,223.0,58.0,10.0,3.0,2.0,80.0,24.0,20.0,55.0,45.0,2.0,1.0,0.389,0.359,0.748,0.2,ロッテ,
32,佐藤都志也,12000000,0.228,60.0,127.0,114.0,26.0,4.0,0.0,2.0,36.0,6.0,12.0,25.0,9.0,2.0,0.0,0.296,0.316,0.612,0.197,ロッテ,1900081
38,高部瑛斗,10000000,0.1,5.0,11.0,10.0,1.0,0.0,0.0,0.0,1.0,0.0,0.0,4.0,0.0,0.0,0.0,0.1,0.1,0.2,0.364,ロッテ,1900082
39,吉田裕太,14000000,0.0,1.0,1.0,0.0,0.0,0.0,0.0,0.0,0.0,0.0,0.0,0.0,0.0,0.0,0.0,0.0,0.0,0.0,0.0,ロッテ,
40,福田光輝,8800000,0.087,15.0,26.0,23.0,2.0,1.0,0.0,0.0,3.0,2.0,0.0,8.0,3.0,0.0,0.0,0.192,0.13,0.323,0.308,ロッテ,
44,井上晴哉,55000000,0.245,113.0,447.0,376.0,92.0,11.0,0.0,15.0,148.0,44.0,67.0,93.0,59.0,8.0,0.0,0.356,0.394,0.749,0.208,ロッテ,
45,宗接唯人,7500000,,,,,,,,,,,,,,,,,,,,ロッテ,
50,松田進,7500000,,,,,,,,,,,,,,,,,,,,ロッテ,
51,山口航輝,5600000,,,,,,,,,,,,,,,,,,,,ロッテ,1800053
53,江村直也,12000000,0.0,5.0,6.0,6.0,0.0,0.0,0.0,0.0,0.0,0.0,0.0,1.0,0.0,0.0,0.0,0.0,0.0,0.0,0.167,ロッテ,1000127
54,レアード,242000000,0.233,39.0,147.0,133.0,31.0,3.0,0.0,6.0,52.0,15.0,15.0,28.0,13.0,0.0,0.0,0.299,0.391,0.69,0.19,ロッテ,
55,細川亨,16000000,0.0,1.0,1.0,1.0,0.0,0.0,0.0,0.0,0.0,0.0,0.0,1.0,0.0,0.0,0.0,0.0,0.0,0.0,1.0,ロッテ,12100
57,香月一也,6500000,,,,,,,,,,,,,,,,,,,,ロッテ,1400192
59,細谷圭,17200000,0.0,1.0,0.0,0.0,0.0,0.0,0.0,0.0,0.0,0.0,0.0,0.0,0.0,0.0,0.0,0.0,0.0,0.0,0.0,ロッテ,600032
61,三家和真,7500000,,,,,,,,,,,,,,,,,,,,ロッテ,
67,茶谷健太,5000000,0.062,31.0,17.0,16.0,1.0,0.0,0.0,0.0,1.0,1.0,0.0,6.0,0.0,0.0,1.0,0.062,0.062,0.125,0.353,ロッテ,1500141
68,西巻賢二,4800000,0.25,11.0,19.0,16.0,4.0,1.0,0.0,0.0,5.0,2.0,0.0,6.0,2.0,0.0,0.0,0.333,0.312,0.646,0.316,ロッテ,1700037
79,マーティン,160000000,0.234,104.0,448.0,359.0,84.0,15.0,0.0,25.0,174.0,72.0,65.0,100.0,70.0,17.0,7.0,0.382,0.485,0.866,0.223,ロッテ,
99,柿沼友哉,9800000,0.16,56.0,129.0,106.0,17.0,1.0,0.0,0.0,18.0,6.0,9.0,31.0,5.0,3.0,0.0,0.219,0.17,0.389,0.24,ロッテ,1500125
122,和田康士朗,2400000,0.203,71.0,69.0,59.0,12.0,1.0,0.0,0.0,13.0,24.0,0.0,23.0,6.0,1.0,23.0,0.288,0.22,0.508,0.333,ロッテ,1700098
125,植田将太,3000000,,,,,,,,,,,,,,,,,,,,ロッテ,1900086
127,高濱卓也,10000000,,,,,,,,,,,,,,,,,,,,ロッテ,
0,水口大地,7700000,0.167,7.0,6.0,6.0,1.0,0.0,0.0,0.0,1.0,2.0,0.0,2.0,0.0,0.0,1.0,0.167,0.167,0.333,0.333,西武,
1,栗山巧,150000000,0.272,111.0,428.0,372.0,101.0,22.0,0.0,12.0,159.0,37.0,67.0,77.0,53.0,1.0,0.0,0.362,0.427,0.79,0.18,西武,12102
2,岡田雅利,30000000,0.107,29.0,65.0,56.0,6.0,1.0,0.0,0.0,7.0,1.0,3.0,7.0,1.0,1.0,0.0,0.138,0.125,0.263,0.108,西武,1300105
3,山川穂高,210000000,0.205,102.0,401.0,322.0,66.0,7.0,0.0,24.0,145.0,47.0,73.0,100.0,64.0,13.0,0.0,0.357,0.45,0.807,0.249,西武,1300101
4,山野辺翔,12000000,0.233,53.0,64.0,60.0,14.0,3.0,0.0,0.0,17.0,11.0,4.0,11.0,1.0,2.0,5.0,0.266,0.283,0.549,0.172,西武,1800082
5,外崎修汰,140000000,0.247,120.0,500.0,433.0,107.0,18.0,2.0,8.0,153.0,62.0,43.0,87.0,54.0,4.0,21.0,0.335,0.353,0.688,0.174,西武,1400184
6,源田壮亮,140000000,0.27,120.0,518.0,455.0,123.0,14.0,5.0,1.0,150.0,67.0,21.0,80.0,38.0,1.0,18.0,0.327,0.33,0.656,0.154,西武,1600129
7,金子侑司,120000000,0.249,86.0,338.0,301.0,75.0,7.0,0.0,3.0,91.0,41.0,21.0,55.0,29.0,0.0,14.0,0.312,0.302,0.615,0.163,西武,
9,木村文紀,45000000,0.231,90.0,301.0,264.0,61.0,12.0,2.0,8.0,101.0,25.0,33.0,75.0,18.0,7.0,5.0,0.295,0.383,0.677,0.249,西武,700078
10,森友哉,200000000,0.251,104.0,405.0,358.0,90.0,15.0,2.0,9.0,136.0,46.0,38.0,67.0,38.0,3.0,4.0,0.325,0.38,0.705,0.165,西武,1300100
22,スパンジェンバーグ,80000000,0.268,111.0,445.0,407.0,109.0,26.0,8.0,15.0,196.0,51.0,57.0,150.0,32.0,4.0,12.0,0.326,0.482,0.807,0.337,西武,
31,佐藤龍世,8400000,,,,,,,,,,,,,,,,,,,,西武,
32,永江恭平,9900000,,,,,,,,,,,,,,,,,,,,西武,
37,柘植世那,10000000,0.184,17.0,43.0,38.0,7.0,0.0,0.0,2.0,13.0,5.0,5.0,14.0,4.0,0.0,1.0,0.262,0.342,0.604,0.326,西武,1900065
38,牧野翔矢,6000000,,,,,,,,,,,,,,,,,,,,西武,1800084
39,呉念庭,5600000,0.227,51.0,52.0,44.0,10.0,3.0,0.0,0.0,13.0,5.0,5.0,8.0,4.0,2.0,2.0,0.32,0.295,0.615,0.154,西武,
46,鈴木将平,6600000,0.207,46.0,157.0,140.0,29.0,4.0,2.0,1.0,40.0,7.0,10.0,24.0,10.0,1.0,0.0,0.261,0.286,0.547,0.153,西武,1600130
51,西川愛也,7000000,0.25,3.0,4.0,4.0,1.0,1.0,0.0,0.0,2.0,0.0,2.0,0.0,0.0,0.0,0.0,0.25,0.5,0.75,0.0,西武,1700122
52,山田遥楓,6200000,0.2,8.0,5.0,5.0,1.0,0.0,0.0,0.0,1.0,1.0,0.0,1.0,0.0,0.0,0.0,0.2,0.2,0.4,0.2,西武,
53,愛斗,8400000,0.154,7.0,14.0,13.0,2.0,0.0,0.0,0.0,2.0,0.0,3.0,5.0,0.0,0.0,0.0,0.143,0.154,0.297,0.357,西武,
56,川野涼多,6500000,,,,,,,,,,,,,,,,,,,,西武,
58,熊代聖人,12000000,0.1,38.0,11.0,10.0,1.0,0.0,0.0,0.0,1.0,2.0,0.0,3.0,1.0,0.0,2.0,0.182,0.1,0.282,0.273,西武,1000153
59,森越祐人,7500000,,,,,,,,,,,,,,,,,,,,西武,1000141
60,中村剛也,350000000,0.213,79.0,297.0,258.0,55.0,14.0,0.0,9.0,96.0,32.0,31.0,75.0,34.0,3.0,0.0,0.31,0.372,0.682,0.253,西武,12101
62,駒月仁人,6000000,,,,,,,,,,,,,,,,,,,,西武,
63,綱島龍生,5000000,,,,,,,,,,,,,,,,,,,,西武,
65,戸川大輔,6300000,0.111,4.0,9.0,9.0,1.0,0.0,0.0,0.0,1.0,1.0,0.0,0.0,0.0,0.0,0.0,0.111,0.111,0.222,0.0,西武,
68,岸潤一郎,5000000,0.0,5.0,3.0,2.0,0.0,0.0,0.0,0.0,0.0,0.0,0.0,1.0,1.0,0.0,0.0,0.333,0.0,0.333,0.333,西武,1900068
72,川越誠司,6400000,0.156,48.0,74.0,64.0,10.0,0.0,1.0,2.0,18.0,10.0,5.0,24.0,9.0,0.0,0.0,0.26,0.281,0.542,0.324,西武,1500100
73,高木渉,5200000,0.175,12.0,40.0,40.0,7.0,1.0,1.0,2.0,16.0,6.0,5.0,8.0,0.0,0.0,0.0,0.175,0.4,0.575,0.2,西武,
78,齊藤誠人,5000000,,,,,,,,,,,,,,,,,,,,西武,
99,E.メヒア,100000000,0.207,74.0,260.0,237.0,49.0,13.0,1.0,11.0,97.0,20.0,33.0,82.0,20.0,2.0,0.0,0.273,0.409,0.682,0.315,西武,
127,中熊大智,4000000,,,,,,,,,,,,,,,,,,,,西武,
0,小深田大翔,15000000,0.288,112.0,437.0,378.0,109.0,16.0,5.0,3.0,144.0,61.0,31.0,59.0,42.0,4.0,17.0,0.364,0.381,0.745,0.135,楽天,1900112
2,太田光,14500000,0.2,67.0,164.0,130.0,26.0,10.0,0.0,2.0,42.0,17.0,16.0,38.0,18.0,2.0,0.0,0.301,0.323,0.624,0.232,楽天,1800118
3,浅村栄斗,500000000,0.28,120.0,529.0,432.0,121.0,25.0,0.0,32.0,242.0,72.0,104.0,111.0,91.0,4.0,1.0,0.408,0.56,0.969,0.21,楽天,900056
4,オコエ瑠偉,12000000,,,,,,,,,,,,,,,,,,,,楽天,
5,茂木栄五郎,81000000,0.301,73.0,321.0,276.0,83.0,14.0,4.0,7.0,126.0,43.0,33.0,52.0,39.0,5.0,8.0,0.396,0.457,0.852,0.162,楽天,1600003
6,藤田一也,36000000,0.2,55.0,38.0,35.0,7.0,1.0,0.0,0.0,8.0,3.0,4.0,5.0,1.0,0.0,0.0,0.222,0.229,0.451,0.132,楽天,500051
7,鈴木大地,100000000,0.295,120.0,546.0,478.0,141.0,27.0,1.0,4.0,182.0,71.0,55.0,58.0,46.0,7.0,1.0,0.363,0.381,0.744,0.106,楽天,1100103
008,吉持亮汰,5000000,,,,,,,,,,,,,,,,,,,,楽天,
8,辰己涼介,22000000,0.223,104.0,282.0,251.0,56.0,9.0,3.0,8.0,95.0,38.0,28.0,57.0,20.0,2.0,11.0,0.286,0.378,0.664,0.202,楽天,1800117
9,S.ロメロ,65000000,0.272,103.0,404.0,356.0,97.0,19.0,2.0,24.0,192.0,46.0,63.0,108.0,38.0,8.0,0.0,0.354,0.539,0.893,0.267,楽天,
24,黒川史陽,6500000,0.143,10.0,17.0,14.0,2.0,0.0,0.0,0.0,2.0,0.0,2.0,6.0,1.0,1.0,0.0,0.235,0.143,0.378,0.353,楽天,1900113
25,田中和基,32000000,0.24,80.0,282.0,254.0,61.0,10.0,1.0,8.0,97.0,38.0,25.0,76.0,23.0,1.0,6.0,0.305,0.382,0.687,0.27,楽天,1600094
26,渡辺直人,20000000,0.5,1.0,4.0,4.0,2.0,1.0,0.0,0.0,3.0,1.0,0.0,1.0,0.0,0.0,0.0,0.5,0.75,1.25,0.25,楽天,700074
27,岡島豪郎,27000000,0.2,35.0,85.0,75.0,15.0,6.0,1.0,0.0,23.0,10.0,9.0,26.0,8.0,0.0,0.0,0.277,0.307,0.584,0.306,楽天,
29,山下斐紹,12500000,0.0,8.0,8.0,7.0,0.0,0.0,0.0,0.0,0.0,1.0,0.0,3.0,1.0,0.0,0.0,0.125,0.0,0.125,0.375,楽天,
33,銀次,110000000,0.236,88.0,245.0,212.0,50.0,8.0,0.0,0.0,58.0,16.0,23.0,28.0,23.0,2.0,3.0,0.312,0.274,0.586,0.114,楽天,
34,山崎幹史,11000000,0.167,20.0,16.0,12.0,2.0,1.0,0.0,0.0,3.0,4.0,1.0,2.0,1.0,0.0,1.0,0.214,0.25,0.464,0.125,楽天,
35,島内宏明,100000000,0.281,114.0,471.0,406.0,114.0,17.0,2.0,8.0,159.0,50.0,53.0,71.0,48.0,7.0,9.0,0.363,0.392,0.755,0.151,楽天,
36,内田靖人,12000000,0.172,38.0,109.0,93.0,16.0,3.0,0.0,5.0,34.0,9.0,18.0,31.0,14.0,1.0,1.0,0.284,0.366,0.65,0.284,楽天,
38,岩見雅紀,9200000,0.216,16.0,38.0,37.0,8.0,1.0,1.0,1.0,14.0,2.0,4.0,11.0,1.0,0.0,0.0,0.237,0.378,0.615,0.289,楽天,
40,ウィーラー,200000000,,,,,,,,,,,,,,,,,,,,楽天,
44,足立祐一,15000000,0.167,42.0,66.0,60.0,10.0,1.0,1.0,1.0,16.0,6.0,3.0,15.0,6.0,0.0,0.0,0.242,0.267,0.509,0.227,楽天,
46,下水流昂,17000000,0.188,20.0,35.0,32.0,6.0,0.0,1.0,1.0,11.0,1.0,5.0,11.0,2.0,1.0,0.0,0.257,0.344,0.601,0.314,楽天,
48,渡邊佳明,14000000,0.235,35.0,95.0,85.0,20.0,5.0,1.0,0.0,27.0,9.0,12.0,15.0,3.0,0.0,0.0,0.258,0.318,0.576,0.158,楽天,1800122
51,小郷裕哉,7300000,0.295,58.0,129.0,105.0,31.0,3.0,0.0,4.0,46.0,23.0,12.0,34.0,19.0,1.0,8.0,0.405,0.438,0.843,0.264,楽天,1800123
54,和田恋,10000000,0.125,7.0,17.0,16.0,2.0,1.0,0.0,0.0,3.0,0.0,1.0,4.0,1.0,0.0,0.0,0.176,0.188,0.364,0.235,楽天,
65,堀内謙伍,12000000,0.0,10.0,8.0,7.0,0.0,0.0,0.0,0.0,0.0,0.0,0.0,4.0,0.0,0.0,0.0,0.0,0.0,0.0,0.5,楽天,1600004
66,村林一輝,7300000,0.0,3.0,1.0,1.0,0.0,0.0,0.0,0.0,0.0,0.0,0.0,0.0,0.0,0.0,0.0,0.0,0.0,0.0,0.0,楽天,1600007
67,下妻貴寛,5500000,0.156,43.0,90.0,77.0,12.0,4.0,0.0,1.0,19.0,5.0,9.0,26.0,1.0,0.0,0.0,0.165,0.247,0.411,0.289,楽天,1200119
69,ブラッシュ,140000000,0.235,37.0,149.0,119.0,28.0,7.0,0.0,2.0,41.0,25.0,18.0,46.0,25.0,2.0,1.0,0.369,0.345,0.714,0.309,楽天,
70,石原彪,5200000,0.174,18.0,24.0,23.0,4.0,1.0,0.0,0.0,5.0,1.0,1.0,13.0,0.0,0.0,0.0,0.174,0.217,0.391,0.542,楽天,1600099
71,武藤敦貴,5600000,,,,,,,,,,,,,,,,,,,,楽天,1900115
78,水上桂,5600000,,,,,,,,,,,,,,,,,,,,楽天,1900118
97,フェルナンド,6000000,,,,,,,,,,,,,,,,,,,,楽天,
129,南要輔,2700000,,,,,,,,,,,,,,,,,,,,楽天,
133,松本京志郎,2500000,,,,,,,,,,,,,,,,,,,,楽天,
134,中村和希,2500000,,,,,,,,,,,,,,,,,,,,楽天,
137,江川侑斗,2400000,,,,,,,,,,,,,,,,,,,,楽天,
140,山崎真彰,3000000,,,,,,,,,,,,,,,,,,,,楽天,
141,澤野聖悠,2400000,,,,,,,,,,,,,,,,,,,,楽天,1900122
150,耀飛,7000000,,,,,,,,,,,,,,,,,,,,楽天,
0,勝俣翔貴,8000000,0.0,5.0,8.0,8.0,0.0,0.0,0.0,0.0,0.0,0.0,0.0,8.0,0.0,0.0,0.0,0.0,0.0,0.0,1.0,オリックス,
00,西浦颯大,13500000,0.187,49.0,97.0,91.0,17.0,1.0,0.0,2.0,24.0,13.0,4.0,21.0,5.0,0.0,3.0,0.229,0.264,0.493,0.216,オリックス,
1,モヤ,66000000,0.274,46.0,176.0,164.0,45.0,8.0,2.0,12.0,93.0,20.0,38.0,33.0,11.0,1.0,0.0,0.324,0.567,0.891,0.188,オリックス,
2,白崎浩之,15000000,0.0,3.0,0.0,0.0,0.0,0.0,0.0,0.0,0.0,1.0,0.0,0.0,0.0,0.0,0.0,0.0,0.0,0.0,0.0,オリックス,
3,安達了一,90000000,0.289,78.0,311.0,266.0,77.0,9.0,2.0,2.0,96.0,32.0,23.0,48.0,26.0,1.0,15.0,0.353,0.361,0.713,0.154,オリックス,1100105
4,福田周平,45000000,0.258,76.0,312.0,260.0,67.0,12.0,4.0,0.0,87.0,33.0,24.0,44.0,43.0,3.0,13.0,0.366,0.335,0.7,0.141,オリックス,
004,平野大和,2400000,,,,,,,,,,,,,,,,,,,,オリックス,
005,鶴見凌也,2400000,,,,,,,,,,,,,,,,,,,,オリックス,
5,西野真弘,28000000,0.246,23.0,77.0,69.0,17.0,3.0,0.0,0.0,20.0,10.0,3.0,10.0,5.0,0.0,0.0,0.297,0.29,0.587,0.13,オリックス,1400201
6,宗佑磨,19000000,0.225,72.0,203.0,182.0,41.0,10.0,1.0,1.0,56.0,16.0,9.0,32.0,10.0,6.0,5.0,0.288,0.308,0.596,0.158,オリックス,1400196
006,大下誠一郎,2400000,0.216,32.0,104.0,88.0,19.0,6.0,0.0,2.0,31.0,10.0,9.0,15.0,8.0,5.0,0.0,0.314,0.352,0.666,0.144,オリックス,
007,佐藤優悟,2400000,,,,,,,,,,,,,,,,,,,,オリックス,
8,後藤駿太,28000000,0.12,23.0,62.0,50.0,6.0,0.0,0.0,0.0,6.0,4.0,1.0,17.0,8.0,0.0,2.0,0.241,0.12,0.361,0.274,オリックス,
9,大城滉二,42000000,0.207,94.0,285.0,251.0,52.0,3.0,0.0,1.0,58.0,25.0,14.0,51.0,20.0,3.0,7.0,0.274,0.231,0.505,0.179,オリックス,1500128
10,ジョーンズ,440000000,0.258,87.0,338.0,302.0,78.0,12.0,0.0,12.0,126.0,29.0,43.0,66.0,32.0,2.0,1.0,0.331,0.417,0.749,0.195,オリックス,
23,伏見寅威,16500000,0.259,71.0,198.0,189.0,49.0,7.0,2.0,6.0,78.0,14.0,23.0,35.0,6.0,0.0,0.0,0.281,0.413,0.693,0.177,オリックス,1200100
24,紅林弘太郎,7200000,0.235,5.0,18.0,17.0,4.0,0.0,0.0,0.0,4.0,1.0,2.0,4.0,1.0,0.0,0.0,0.278,0.235,0.513,0.222,オリックス,1900088
25,西村凌,12000000,0.161,29.0,76.0,62.0,10.0,2.0,0.0,1.0,15.0,7.0,3.0,12.0,9.0,0.0,2.0,0.268,0.242,0.51,0.158,オリックス,
31,太田椋,8000000,0.259,20.0,61.0,54.0,14.0,2.0,0.0,3.0,25.0,6.0,5.0,19.0,4.0,1.0,0.0,0.322,0.463,0.785,0.311,オリックス,1800098
33,松井雅人,28000000,0.222,23.0,40.0,36.0,8.0,2.0,0.0,1.0,13.0,5.0,4.0,7.0,3.0,1.0,0.0,0.3,0.361,0.661,0.175,オリックス,900411
34,吉田正尚,200000000,0.35,120.0,492.0,408.0,143.0,22.0,1.0,14.0,209.0,55.0,64.0,29.0,72.0,8.0,8.0,0.453,0.512,0.966,0.059,オリックス,
36,山足達也,11500000,0.219,63.0,105.0,96.0,21.0,5.0,0.0,1.0,29.0,21.0,5.0,13.0,2.0,1.0,3.0,0.242,0.302,0.545,0.124,オリックス,
37,若月健矢,45000000,0.24,75.0,215.0,192.0,46.0,12.0,0.0,3.0,67.0,14.0,19.0,40.0,9.0,5.0,2.0,0.29,0.349,0.639,0.186,オリックス,1300109
38,小島脩平,26000000,0.15,13.0,20.0,20.0,3.0,2.0,0.0,0.0,5.0,1.0,0.0,9.0,0.0,0.0,0.0,0.15,0.25,0.4,0.45,オリックス,1100111
41,佐野皓大,12900000,0.214,77.0,162.0,140.0,30.0,5.0,3.0,0.0,41.0,22.0,3.0,37.0,9.0,0.0,20.0,0.262,0.293,0.555,0.228,オリックス,
42,A.ロドリゲス,70000000,0.218,59.0,211.0,193.0,42.0,10.0,0.0,6.0,70.0,11.0,25.0,55.0,14.0,3.0,1.0,0.28,0.363,0.642,0.261,オリックス,
44,頓宮裕真,12000000,0.312,12.0,35.0,32.0,10.0,3.0,0.0,2.0,19.0,5.0,5.0,11.0,3.0,0.0,0.0,0.371,0.594,0.965,0.314,オリックス,1800099
45,飯田大祐,8600000,,,,,,,,,,,,,,,,,,,,オリックス,1600156
50,小田裕也,24000000,0.239,87.0,94.0,88.0,21.0,3.0,2.0,1.0,31.0,19.0,7.0,23.0,2.0,1.0,4.0,0.264,0.352,0.616,0.245,オリックス,1400202
53,宜保翔,5500000,0.118,10.0,18.0,17.0,2.0,1.0,0.0,0.0,3.0,0.0,2.0,7.0,0.0,0.0,0.0,0.118,0.176,0.294,0.389,オリックス,1800102
55,Ｔ-岡田,90000000,0.256,100.0,377.0,328.0,84.0,18.0,0.0,16.0,150.0,36.0,55.0,87.0,40.0,4.0,5.0,0.34,0.457,0.797,0.231,オリックス,
56,松井佑介,15000000,0.208,29.0,53.0,53.0,11.0,2.0,1.0,0.0,15.0,2.0,2.0,12.0,0.0,0.0,0.0,0.208,0.283,0.491,0.226,オリックス,900409
59,根本薫,4600000,,,,,,,,,,,,,,,,,,,,オリックス,
62,山崎勝己,15000000,0.0,2.0,1.0,1.0,0.0,0.0,0.0,0.0,0.0,0.0,0.0,0.0,0.0,0.0,0.0,0.0,0.0,0.0,0.0,オリックス,12055
64,廣澤伸哉,4800000,0.158,23.0,22.0,19.0,3.0,0.0,0.0,0.0,3.0,2.0,0.0,7.0,0.0,0.0,0.0,0.158,0.158,0.316,0.318,オリックス,
67,中川圭太,28000000,0.146,45.0,155.0,144.0,21.0,3.0,0.0,2.0,30.0,15.0,13.0,25.0,9.0,0.0,3.0,0.195,0.208,0.403,0.161,オリックス,1800104
99,杉本裕太郎,8800000,0.268,41.0,141.0,127.0,34.0,3.0,1.0,2.0,45.0,13.0,17.0,34.0,10.0,4.0,1.0,0.34,0.354,0.695,0.241,オリックス,1500135
120,岡崎大輔,5600000,,,,,,,,,,,,,,,,,,,,オリックス,
123,稲富宏樹,2600000,,,,,,,,,,,,,,,,,,,,オリックス,
129,比屋根彰人,2500000,,,,,,,,,,,,,,,,,,,,オリックス,
130,フェリペ,2500000,,,,,,,,,,,,,,,,,,,,オリックス,
