player_jersey_number,player_name_jap,player_salary,pitching_ERA,total_games,pitching_W,pitching_L,pitching_IP,pitching_W%,pitching_CG,pitching_SHO,pitching_SV,pitching_H,pitching_SO,pitching_SO%,pitching_R,pitching_ER,pitching_H,pitching_HR,pitching_BB,pitching_HBP,pitching_BB%,Team,player_id
11,九里亜蓮,140000000.0,2.53,26.0,8.0,8.0,,0.5,3.0,3.0,0.0,0.0,129.0,6.66,58.0,49.0,142.0,8.0,49.0,10.0,2.53,広島,1300058
12,大道温貴,13000000.0,2.72,48.0,3.0,1.0,,0.75,0.0,0.0,0.0,10.0,49.0,8.88,15.0,15.0,44.0,2.0,23.0,3.0,4.17,広島,2000062
13,森浦大輔,40000000.0,6.17,13.0,0.0,0.0,,0.0,0.0,0.0,0.0,0.0,8.0,6.17,8.0,8.0,11.0,1.0,12.0,0.0,9.26,広島,2000061
14,大瀬良大地,180000000.0,3.61,23.0,6.0,11.0,,0.353,0.0,0.0,0.0,0.0,103.0,7.15,53.0,52.0,117.0,15.0,33.0,4.0,2.29,広島,1300057
16,森翔平,14000000.0,4.53,12.0,4.0,2.0,,0.667,0.0,0.0,0.0,0.0,38.0,6.62,29.0,26.0,58.0,7.0,10.0,1.0,1.74,広島,2103788
17,岡田明丈,17500000.0,,,,,,,,,,,,,,,,,,,,広島,
18,森下暢仁,110000000.0,3.01,20.0,9.0,6.0,,0.6,3.0,1.0,0.0,0.0,94.0,6.43,49.0,44.0,127.0,10.0,36.0,2.0,2.46,広島,1900052
19,野村祐輔,55000000.0,1.16,6.0,1.0,1.0,31.0,0.5,0.0,0.0,0.0,0.0,14.0,4.06,9.0,4.0,30.0,1.0,4.0,1.0,1.16,広島,1100081
20,栗林良吏,95000000.0,2.92,55.0,3.0,7.0,,0.3,0.0,0.0,18.0,15.0,51.0,8.77,18.0,17.0,42.0,4.0,19.0,1.0,3.27,広島,2000060
21,中崎翔太,53000000.0,2.73,35.0,1.0,0.0,33.0,1.0,0.0,0.0,0.0,7.0,24.0,6.55,13.0,10.0,25.0,1.0,6.0,2.0,1.64,広島,1000116
23,薮田和樹,16000000.0,9.0,3.0,0.0,0.0,4.0,0.0,0.0,0.0,0.0,0.0,2.0,4.5,4.0,4.0,5.0,1.0,3.0,2.0,6.75,広島,
24,黒原拓未,14000000.0,10.66,5.0,0.0,1.0,,0.0,0.0,0.0,0.0,0.0,13.0,9.24,15.0,15.0,21.0,1.0,10.0,0.0,7.11,広島,1750941
26,益田武尚,11000000.0,1.64,8.0,1.0,0.0,11.0,1.0,0.0,0.0,0.0,0.0,12.0,9.82,2.0,2.0,8.0,1.0,3.0,0.0,2.45,広島,2105565
28,床田寛樹,50000000.0,2.19,24.0,11.0,7.0,156.0,0.611,2.0,2.0,0.0,0.0,86.0,4.96,46.0,38.0,144.0,13.0,28.0,5.0,1.62,広島,1600123
29,ケムナ誠,27000000.0,3.71,24.0,2.0,0.0,,1.0,0.0,0.0,0.0,1.0,25.0,8.44,12.0,11.0,24.0,1.0,13.0,0.0,4.39,広島,1700070
30,一岡竜司,32000000.0,0.0,1.0,0.0,0.0,,0.0,0.0,0.0,0.0,0.0,1.0,27.0,0.0,0.0,0.0,0.0,0.0,0.0,0.0,広島,
34,高橋昂也,10000000.0,,,,,,,,,,,,,,,,,,,,広島,1600122
36,塹江敦哉,24000000.0,5.14,8.0,0.0,0.0,7.0,0.0,0.0,0.0,0.0,2.0,10.0,12.86,4.0,4.0,10.0,1.0,3.0,0.0,3.86,広島,1400175
39,長谷部銀次,8000000.0,,,,,,,,,,,,,,,,,,,,広島,1550974
41,矢崎拓也,28000000.0,2.81,54.0,4.0,2.0,,0.667,0.0,0.0,24.0,10.0,38.0,6.66,17.0,16.0,48.0,5.0,24.0,0.0,4.21,広島,
42,ドリュー・アンダーソン,77000000.0,2.2,21.0,4.0,1.0,45.0,0.8,0.0,0.0,0.0,2.0,39.0,7.8,12.0,11.0,30.0,2.0,17.0,2.0,3.4,広島,
43,島内颯太郎,23000000.0,2.31,62.0,3.0,3.0,,0.5,0.0,0.0,2.0,39.0,64.0,9.87,17.0,15.0,50.0,3.0,17.0,0.0,2.62,広島,1800073
45,松本竜也,16000000.0,4.35,13.0,0.0,3.0,,0.0,0.0,0.0,1.0,8.0,6.0,5.23,6.0,5.0,13.0,2.0,7.0,0.0,6.1,広島,1651377
46,河野佳,7000000.0,9.49,8.0,0.0,1.0,,0.0,0.0,0.0,0.0,0.0,11.0,8.03,13.0,13.0,19.0,6.0,5.0,1.0,3.65,広島,1851151
47,斉藤優汰,8000000.0,,,,,,,,,,,,,,,,,,,,広島,2107847
48,アドゥワ誠,10000000.0,3.24,14.0,1.0,0.0,,1.0,0.0,0.0,0.0,1.0,13.0,7.02,6.0,6.0,15.0,1.0,2.0,1.0,1.08,広島,1600125
49,戸根千明,18000000.0,4.64,24.0,1.0,0.0,,1.0,0.0,0.0,0.0,5.0,11.0,4.64,14.0,11.0,22.0,3.0,16.0,0.0,6.75,広島,
53,小林樹斗,5500000.0,,,,,,,,,,,,,,,,,,,,広島,2000063
58,藤井黎來,8000000.0,,,,,,,,,,,,,,,,,,,,広島,
65,玉村昇悟,13000000.0,4.96,9.0,3.0,1.0,,0.75,0.0,0.0,0.0,0.0,44.0,8.74,28.0,25.0,52.0,9.0,11.0,2.0,2.18,広島,1900057
66,遠藤淳志,26000000.0,4.39,8.0,1.0,5.0,41.0,0.167,1.0,1.0,0.0,0.0,22.0,4.83,20.0,20.0,36.0,7.0,15.0,2.0,3.29,広島,1700072
67,中村祐太,11000000.0,1.29,5.0,0.0,0.0,7.0,0.0,0.0,0.0,0.0,0.0,3.0,3.86,5.0,1.0,9.0,1.0,1.0,0.0,1.29,広島,1300061
68,ニック・ターリー,120000000.0,1.74,44.0,7.0,1.0,,0.875,0.0,0.0,1.0,22.0,42.0,9.15,10.0,8.0,39.0,1.0,15.0,2.0,3.27,広島,
98,ロベルト・コルニエル,20000000.0,5.1,8.0,1.0,4.0,,0.2,0.0,0.0,0.0,0.0,23.0,4.89,25.0,24.0,46.0,2.0,18.0,2.0,3.83,広島,
120,行木俊,4500000.0,,,,,,,,,,,,,,,,,,,,広島,
122,坂田怜,3500000.0,,,,,,,,,,,,,,,,,,,,広島,
125,辻大雅,2750000.0,,,,,,,,,,,,,,,,,,,,広島,2106037
126,新家颯,3000000.0,,,,,,,,,,,,,,,,,,,,広島,
128,中村来生,3000000.0,,,,,,,,,,,,,,,,,,,,広島,
011,笠島尚樹,3800000.0,,,,,,,,,,,,,,,,,,,,巨人,2000014
11,平内龍太,29000000.0,3.95,11.0,0.0,1.0,,0.0,0.0,0.0,0.0,1.0,8.0,5.27,6.0,6.0,14.0,3.0,7.0,0.0,4.61,巨人,2000005
014,京本眞,3800000.0,,,,,,,,,,,,,,,,,,,,巨人,2100478
15,大勢,57000000.0,4.5,27.0,3.0,0.0,26.0,1.0,0.0,0.0,14.0,1.0,34.0,11.77,13.0,13.0,26.0,4.0,11.0,1.0,3.81,巨人,
015,川嵜陽仁,3700000.0,,,,,,,,,,,,,,,,,,,,巨人,
016,高田竜星,4000000.0,,,,,,,,,,,,,,,,,,,,巨人,
017,奈良木陸,3600000.0,,,,,,,,,,,,,,,,,,,,巨人,
18,菅野智之,500000000.0,3.36,14.0,4.0,8.0,,0.333,0.0,0.0,0.0,0.0,54.0,6.26,30.0,29.0,70.0,10.0,15.0,3.0,1.74,巨人,
018,木下幹也,3900000.0,,,,,,,,,,,,,,,,,,,,巨人,2000015
19,山崎伊織,25000000.0,2.72,23.0,10.0,5.0,149.0,0.667,3.0,1.0,0.0,0.0,106.0,6.4,46.0,45.0,119.0,10.0,25.0,7.0,1.51,巨人,2000006
20,戸郷翔征,90000000.0,2.38,24.0,12.0,5.0,170.0,0.706,4.0,2.0,0.0,0.0,141.0,7.46,49.0,45.0,141.0,14.0,39.0,3.0,2.06,巨人,1800028
020,戸田懐生,7300000.0,,,,,,,,,,,,,,,,,,,,巨人,
023,田村朋輝,3600000.0,,,,,,,,,,,,,,,,,,,,巨人,2107867
26,今村信貴,47000000.0,3.81,24.0,0.0,0.0,26.0,0.0,0.0,0.0,0.0,2.0,13.0,4.5,12.0,11.0,29.0,1.0,11.0,1.0,3.81,巨人,
026,吉村優聖歩,3600000.0,,,,,,,,,,,,,,,,,,,,巨人,2102924
28,山田龍聖,11000000.0,,,,,,,,,,,,,,,,,,,,巨人,1750087
028,富田龍,4100000.0,,,,,,,,,,,,,,,,,,,,巨人,2103725
29,F.グリフィン,100000000.0,2.75,20.0,6.0,5.0,121.0,0.545,1.0,0.0,0.0,0.0,115.0,8.55,41.0,37.0,101.0,8.0,29.0,6.0,2.16,巨人,
30,鍵谷陽平,63000000.0,3.18,13.0,2.0,0.0,,1.0,0.0,0.0,1.0,2.0,11.0,8.74,4.0,4.0,10.0,1.0,5.0,0.0,3.97,巨人,
030,山崎友輔,4200000.0,,,,,,,,,,,,,,,,,,,,巨人,
31,赤星優志,22000000.0,3.39,12.0,5.0,5.0,69.0,0.5,0.0,0.0,0.0,0.0,64.0,8.35,27.0,26.0,70.0,5.0,13.0,4.0,1.7,巨人,2103689
32,鈴木康平,17000000.0,6.59,33.0,1.0,1.0,,0.5,0.0,0.0,0.0,13.0,26.0,8.56,20.0,20.0,24.0,6.0,14.0,3.0,4.61,巨人,
33,T.ビーディ,160000000.0,3.99,30.0,0.0,6.0,,0.0,0.0,0.0,1.0,7.0,36.0,6.52,23.0,22.0,51.0,5.0,21.0,4.0,3.81,巨人,
033,太田龍,8000000.0,,,,,,,,,,,,,,,,,,,,巨人,
034,森本哲星,3600000.0,,,,,,,,,,,,,,,,,,,,巨人,2106455
035,ルシアーノ,10000000.0,,,,,,,,,,,,,,,,,,,,巨人,
040,谷岡竜平,7850000.0,,,,,,,,,,,,,,,,,,,,巨人,
41,中川皓太,75000000.0,2.08,44.0,1.0,4.0,,0.2,0.0,0.0,14.0,17.0,38.0,7.89,10.0,10.0,37.0,3.0,9.0,1.0,1.87,巨人,1500052
45,畠世周,33000000.0,,,,,,,,,,,,,,,,,,,,巨人,1600060
46,鍬原拓也,29000000.0,9.0,5.0,0.0,0.0,5.0,0.0,0.0,0.0,0.0,1.0,4.0,7.2,5.0,5.0,7.0,0.0,3.0,2.0,5.4,巨人,
47,高橋優貴,30000000.0,5.14,6.0,0.0,1.0,14.0,0.0,0.0,0.0,0.0,0.0,9.0,5.79,9.0,8.0,18.0,2.0,8.0,2.0,5.14,巨人,
047,鴨打瑛二,3700000.0,,,,,,,,,,,,,,,,,,,,巨人,
48,田中千晴,10000000.0,5.51,30.0,2.0,3.0,,0.4,0.0,0.0,0.0,3.0,41.0,11.3,22.0,20.0,30.0,4.0,19.0,0.0,5.23,巨人,2107899
49,アルベルト・バルドナード,,1.69,21.0,2.0,1.0,,0.667,0.0,0.0,0.0,7.0,21.0,8.86,5.0,4.0,15.0,2.0,10.0,0.0,4.22,巨人,
051,阿部剣友,3800000.0,,,,,,,,,,,,,,,,,,,,巨人,
53,高梨雄平,110000000.0,4.19,55.0,2.0,1.0,43.0,0.667,0.0,0.0,0.0,23.0,49.0,10.26,21.0,20.0,32.0,7.0,19.0,4.0,3.98,巨人,1600100
54,直江大輔,9100000.0,3.86,16.0,0.0,1.0,14.0,0.0,0.0,0.0,0.0,6.0,11.0,7.07,7.0,6.0,7.0,2.0,9.0,0.0,5.79,巨人,
56,石田隼都,6100000.0,,,,,,,,,,,,,,,,,,,,巨人,1950832
056,伊藤優輔,8000000.0,,,,,,,,,,,,,,,,,,,,巨人,2000008
57,高木京介,20000000.0,0.0,1.0,0.0,0.0,2.0,0.0,0.0,0.0,0.0,0.0,1.0,4.5,0.0,0.0,1.0,0.0,0.0,1.0,0.0,巨人,
58,船迫大雅,8000000.0,2.7,36.0,3.0,1.0,30.0,0.75,0.0,0.0,0.0,8.0,33.0,9.9,9.0,9.0,21.0,3.0,8.0,3.0,2.4,巨人,1450689
058,山本一輝,6500000.0,,,,,,,,,,,,,,,,,,,,巨人,
62,横川凱,6600000.0,3.95,20.0,4.0,8.0,,0.333,0.0,0.0,0.0,0.0,46.0,4.91,38.0,37.0,79.0,10.0,24.0,4.0,2.56,巨人,1800026
63,田中豊樹,15000000.0,4.09,15.0,0.0,1.0,11.0,0.0,0.0,0.0,0.0,3.0,8.0,6.55,6.0,5.0,8.0,2.0,4.0,0.0,3.27,巨人,
063,花田侑樹,4800000.0,,,,,,,,,,,,,,,,,,,,巨人,2050382
64,大江竜聖,23100000.0,4.09,32.0,4.0,0.0,22.0,1.0,0.0,0.0,0.0,6.0,16.0,6.55,10.0,10.0,15.0,3.0,10.0,2.0,4.09,巨人,1600064
65,Y.メンデス,40000000.0,2.07,16.0,5.0,5.0,87.0,0.5,0.0,0.0,0.0,0.0,72.0,7.45,21.0,20.0,57.0,7.0,33.0,5.0,3.41,巨人,
68,代木大和,5500000.0,5.4,13.0,0.0,0.0,,0.0,0.0,0.0,0.0,0.0,15.0,8.1,10.0,10.0,23.0,2.0,6.0,2.0,3.24,巨人,2050423
69,三上朋也,10000000.0,4.6,22.0,0.0,1.0,,0.0,0.0,0.0,0.0,7.0,9.0,5.17,8.0,8.0,18.0,1.0,8.0,4.0,4.6,巨人,
91,堀田賢慎,6500000.0,8.1,3.0,0.0,0.0,,0.0,0.0,0.0,0.0,0.0,5.0,13.5,3.0,3.0,2.0,1.0,4.0,0.0,10.8,巨人,1900016
92,小沼健太,7200000.0,,,,,,,,,,,,,,,,,,,,巨人,
93,松井颯,4000000.0,3.26,8.0,1.0,1.0,,0.5,0.0,0.0,0.0,2.0,17.0,7.91,8.0,7.0,18.0,3.0,8.0,0.0,3.72,巨人,1850809
95,堀岡隼人,6700000.0,13.5,3.0,0.0,0.0,,0.0,0.0,0.0,0.0,0.0,4.0,10.8,5.0,5.0,6.0,2.0,3.0,0.0,8.1,巨人,1600072
96,菊地大稀,7000000.0,3.4,50.0,4.0,4.0,,0.5,0.0,0.0,1.0,11.0,55.0,10.38,19.0,18.0,40.0,4.0,16.0,1.0,3.02,巨人,2103705
97,井上温大,6500000.0,10.95,4.0,0.0,1.0,,0.0,0.0,0.0,0.0,0.0,11.0,8.03,15.0,15.0,21.0,2.0,3.0,1.0,2.19,巨人,1900019
99,Y.ロペス,145000000.0,4.05,8.0,0.0,1.0,,0.0,0.0,0.0,0.0,0.0,2.0,2.7,4.0,3.0,6.0,1.0,7.0,0.0,9.45,巨人,
11,東克樹,26100000.0,1.98,24.0,16.0,3.0,,0.842,4.0,2.0,0.0,0.0,133.0,6.95,40.0,38.0,149.0,14.0,15.0,1.0,0.78,DeNA,1700058
12,阪口皓亮,9000000.0,,,,,,,,,,,,,,,,,,,,DeNA,1700060
13,伊勢大夢,92000000.0,3.22,58.0,4.0,6.0,,0.4,0.0,0.0,2.0,33.0,43.0,7.69,21.0,18.0,54.0,6.0,16.0,0.0,2.86,DeNA,1900032
14,石田健大,62000000.0,3.97,23.0,4.0,9.0,118.0,0.308,0.0,0.0,0.0,0.0,99.0,7.55,56.0,52.0,127.0,12.0,30.0,5.0,2.29,DeNA,1400110
15,徳山壮磨,12000000.0,,,,,,,,,,,,,,,,,,,,DeNA,
16,大貫晋一,88000000.0,2.95,13.0,5.0,4.0,,0.556,1.0,1.0,0.0,0.0,55.0,6.48,27.0,25.0,57.0,6.0,18.0,4.0,2.12,DeNA,1800045
17,三嶋一輝,120000000.0,4.84,27.0,3.0,1.0,,0.75,0.0,0.0,0.0,6.0,17.0,6.85,12.0,12.0,33.0,3.0,7.0,2.0,2.82,DeNA,
18,小園健太,12000000.0,,,,,,,,,,,,,,,,,,,,DeNA,2100345
19,山崎康晃,300000000.0,4.37,49.0,3.0,7.0,,0.3,0.0,0.0,20.0,8.0,54.0,10.72,22.0,22.0,48.0,7.0,8.0,1.0,1.59,DeNA,1400109
20,坂本裕哉,23000000.0,5.76,13.0,0.0,1.0,25.0,0.0,0.0,0.0,0.0,0.0,13.0,4.68,16.0,16.0,27.0,2.0,12.0,2.0,4.32,DeNA,1900031
21,今永昇太,140000000.0,2.8,22.0,7.0,4.0,148.0,0.636,2.0,0.0,0.0,0.0,174.0,10.58,46.0,46.0,132.0,17.0,24.0,4.0,1.46,DeNA,
22,入江大生,45000000.0,2.7,32.0,1.0,1.0,30.0,0.5,0.0,0.0,0.0,7.0,32.0,9.6,11.0,9.0,29.0,0.0,16.0,2.0,4.8,DeNA,2000034
24,吉野光樹,12000000.0,,,,,,,,,,,,,,,,,,,,DeNA,2105707
26,濱口遥大,63000000.0,4.5,14.0,3.0,7.0,68.0,0.3,1.0,0.0,0.0,0.0,56.0,7.41,42.0,34.0,71.0,6.0,35.0,0.0,4.63,DeNA,
27,上茶谷大河,34000000.0,2.11,46.0,5.0,3.0,64.0,0.625,0.0,0.0,0.0,4.0,54.0,7.59,21.0,15.0,53.0,3.0,26.0,4.0,3.66,DeNA,1800043
30,三浦銀二,8700000.0,36.0,1.0,0.0,0.0,1.0,0.0,0.0,0.0,0.0,0.0,0.0,0.0,4.0,4.0,4.0,0.0,1.0,0.0,9.0,DeNA,
34,平田真吾,33000000.0,,,,,,,,,,,,,,,,,,,,DeNA,
35,橋本達弥,7800000.0,,,,,,,,,,,,,,,,,,,,DeNA,2105007
36,森下瑠大,5100000.0,,,,,,,,,,,,,,,,,,,,DeNA,2100260
40,松本隆之介,5600000.0,,,,,,,,,,,,,,,,,,,,DeNA,2000036
41,櫻井周斗,10400000.0,,,,,,,,,,,,,,,,,,,,DeNA,
43,深沢鳳介,5000000.0,,,,,,,,,,,,,,,,,,,,DeNA,2100109
45,ガゼルマン,120000000.0,4.45,13.0,3.0,5.0,,0.375,0.0,0.0,0.0,0.0,43.0,5.98,35.0,32.0,72.0,6.0,33.0,4.0,4.59,DeNA,
46,田中健二朗,35000000.0,4.09,11.0,0.0,0.0,11.0,0.0,0.0,0.0,0.0,1.0,9.0,7.36,5.0,5.0,12.0,1.0,2.0,0.0,1.64,DeNA,
47,笠原祥太郎,9000000.0,4.5,2.0,0.0,2.0,6.0,0.0,0.0,0.0,0.0,0.0,5.0,7.5,6.0,3.0,10.0,0.0,7.0,0.0,10.5,DeNA,1600109
48,京山将弥,27900000.0,,,,,,,,,,,,,,,,,,,,DeNA,
49,ウェンデルケン,120000000.0,1.66,61.0,2.0,2.0,,0.5,0.0,0.0,3.0,33.0,53.0,7.99,12.0,11.0,40.0,1.0,22.0,3.0,3.32,DeNA,
53,池谷蒼大,7500000.0,,,,,,,,,,,,,,,,,,,,DeNA,2000038
56,高田琢登,5100000.0,,,,,,,,,,,,,,,,,,,,DeNA,2000039
59,平良拳太郎,20000000.0,3.49,11.0,4.0,4.0,,0.5,0.0,0.0,0.0,0.0,61.0,9.25,23.0,23.0,58.0,5.0,13.0,0.0,1.97,DeNA,1300031
62,エドウィン・エスコバー,200000000.0,4.55,40.0,2.0,1.0,,0.667,0.0,0.0,0.0,11.0,30.0,8.53,18.0,16.0,28.0,6.0,16.0,2.0,4.55,DeNA,
64,中川虎大,7600000.0,2.53,9.0,0.0,1.0,,0.0,0.0,0.0,0.0,0.0,10.0,8.44,3.0,3.0,9.0,2.0,3.0,0.0,2.53,DeNA,1700067
65,宮國椋丞,9400000.0,6.75,2.0,0.0,0.0,4.0,0.0,0.0,0.0,0.0,0.0,3.0,6.75,4.0,3.0,7.0,1.0,1.0,0.0,2.25,DeNA,
68,森原康平,35000000.0,2.32,46.0,2.0,1.0,,0.667,0.0,0.0,17.0,10.0,34.0,7.17,12.0,11.0,34.0,2.0,11.0,2.0,2.32,DeNA,1600096
92,宮城滝太,4400000.0,3.86,11.0,0.0,0.0,,0.0,0.0,0.0,0.0,3.0,16.0,8.82,7.0,7.0,14.0,2.0,2.0,1.0,1.1,DeNA,1800049
95,石川達也,4400000.0,1.97,28.0,0.0,0.0,32.0,0.0,0.0,0.0,0.0,3.0,34.0,9.56,9.0,7.0,19.0,2.0,10.0,2.0,2.81,DeNA,2000040
96,トレバー・バウアー,400000000.0,2.76,19.0,10.0,4.0,,0.714,2.0,0.0,0.0,0.0,130.0,8.95,44.0,40.0,119.0,14.0,31.0,4.0,2.14,DeNA,
101,草野陽斗,3400000.0,,,,,,,,,,,,,,,,,,,,DeNA,
102,加藤大,3400000.0,,,,,,,,,,,,,,,,,,,,DeNA,
106,渡辺明貴,3400000.0,,,,,,,,,,,,,,,,,,,,DeNA,
107,マルセリーノ,2600000.0,,,,,,,,,,,,,,,,,,,,DeNA,
108,今野瑠斗,3400000.0,,,,,,,,,,,,,,,,,,,,DeNA,
109,ディアス,2400000.0,,,,,,,,,,,,,,,,,,,,DeNA,
110,スターリン,3700000.0,,,,,,,,,,,,,,,,,,,,DeNA,
13,岩崎優,200000000.0,1.77,60.0,3.0,3.0,56.0,0.5,0.0,0.0,35.0,12.0,62.0,9.96,13.0,11.0,32.0,3.0,14.0,2.0,2.25,阪神,1300075
14,岩貞祐太,100000000.0,2.7,50.0,1.0,0.0,,1.0,0.0,0.0,0.0,24.0,30.0,6.23,15.0,13.0,36.0,2.0,12.0,2.0,2.49,阪神,1300070
15,西純矢,28000000.0,3.86,17.0,5.0,2.0,,0.714,1.0,0.0,0.0,0.0,45.0,5.6,33.0,31.0,79.0,9.0,28.0,3.0,3.48,阪神,1900044
16,西勇輝,300000000.0,3.57,18.0,8.0,5.0,,0.615,2.0,1.0,0.0,0.0,56.0,4.65,47.0,43.0,106.0,8.0,24.0,8.0,1.99,阪神,900062
17,青柳晃洋,240000000.0,4.57,18.0,8.0,6.0,,0.571,0.0,0.0,0.0,0.0,64.0,5.74,54.0,51.0,102.0,6.0,38.0,9.0,3.41,阪神,1500090
18,馬場皐輔,29500000.0,2.45,19.0,2.0,1.0,22.0,0.667,0.0,0.0,0.0,3.0,22.0,9.0,8.0,6.0,17.0,2.0,8.0,0.0,3.27,阪神,1700077
20,森木大智,12000000.0,,,,,,,,,,,,,,,,,,,,阪神,
21,秋山拓巳,88000000.0,7.45,2.0,0.0,1.0,,0.0,0.0,0.0,0.0,0.0,7.0,6.52,8.0,8.0,16.0,1.0,1.0,0.0,0.93,阪神,
27,伊藤将司,80000000.0,2.39,21.0,10.0,5.0,,0.667,3.0,2.0,0.0,0.0,91.0,5.58,40.0,39.0,120.0,8.0,21.0,4.0,1.29,阪神,2000052
28,鈴木勇斗,11000000.0,,,,,,,,,,,,,,,,,,,,阪神,
29,高橋遥人,24500000.0,,,,,,,,,,,,,,,,,,,,阪神,1700078
30,門別啓人,7200000.0,3.38,2.0,0.0,0.0,8.0,0.0,0.0,0.0,0.0,0.0,5.0,5.62,3.0,3.0,13.0,0.0,1.0,0.0,1.12,阪神,2104016
34,二保旭,20250000.0,,,,,,,,,,,,,,,,,,,,阪神,
35,才木浩人,19000000.0,1.82,19.0,8.0,5.0,,0.615,1.0,1.0,0.0,1.0,107.0,8.12,29.0,24.0,88.0,8.0,36.0,2.0,2.73,阪神,1600115
36,浜地真澄,32000000.0,5.86,30.0,3.0,1.0,,0.75,0.0,0.0,0.0,6.0,23.0,7.48,18.0,18.0,32.0,6.0,6.0,0.0,1.95,阪神,1600116
37,及川雅貴,15000000.0,2.23,33.0,3.0,1.0,,0.75,0.0,0.0,0.0,7.0,40.0,9.91,10.0,9.0,28.0,2.0,14.0,2.0,3.47,阪神,1900046
41,村上頌樹,7500000.0,1.75,22.0,10.0,6.0,,0.625,2.0,1.0,0.0,1.0,137.0,8.54,30.0,28.0,92.0,9.0,15.0,1.0,0.94,阪神,2000055
42,カイル・ケラー,182400000.0,1.71,27.0,1.0,0.0,,1.0,0.0,0.0,1.0,8.0,28.0,9.57,7.0,5.0,22.0,1.0,16.0,1.0,5.47,阪神,
46,島本浩也,23000000.0,1.69,35.0,4.0,2.0,,0.667,0.0,0.0,0.0,15.0,20.0,6.75,6.0,5.0,19.0,0.0,3.0,1.0,1.01,阪神,1000164
47,桐敷拓馬,11000000.0,1.79,27.0,2.0,0.0,,1.0,0.0,0.0,0.0,14.0,40.0,8.93,10.0,8.0,28.0,1.0,12.0,0.0,2.68,阪神,2103707
48,茨木秀俊,5000000.0,,,,,,,,,,,,,,,,,,,,阪神,2107862
49,大竹耕太郎,20000000.0,2.26,21.0,12.0,2.0,,0.857,1.0,1.0,0.0,0.0,82.0,5.61,36.0,33.0,122.0,10.0,12.0,3.0,0.82,阪神,1700137
50,富田蓮,7500000.0,4.5,9.0,1.0,2.0,16.0,0.333,0.0,0.0,0.0,0.0,10.0,5.62,11.0,8.0,14.0,2.0,5.0,0.0,2.81,阪神,2106172
54,加治屋蓮,30000000.0,2.56,51.0,1.0,5.0,,0.167,0.0,0.0,1.0,16.0,32.0,7.45,12.0,11.0,34.0,3.0,13.0,2.0,3.03,阪神,1300076
56,小林慶祐,17000000.0,0.0,1.0,0.0,0.0,1.0,0.0,0.0,0.0,0.0,0.0,1.0,9.0,0.0,0.0,1.0,0.0,0.0,0.0,0.0,阪神,1600154
64,岡留英貴,7200000.0,1.29,8.0,1.0,0.0,7.0,1.0,0.0,0.0,0.0,0.0,6.0,7.71,1.0,1.0,5.0,0.0,1.0,0.0,1.29,阪神,2103848
65,湯浅京己,47000000.0,4.4,15.0,0.0,2.0,,0.0,0.0,0.0,8.0,3.0,15.0,9.42,8.0,7.0,15.0,3.0,8.0,0.0,5.02,阪神,1800070
66,小川一平,13000000.0,,,,,,,,,,,,,,,,,,,,阪神,1900049
69,石井大智,12500000.0,1.35,44.0,1.0,1.0,40.0,0.5,0.0,0.0,0.0,19.0,29.0,6.53,8.0,6.0,43.0,2.0,8.0,1.0,1.8,阪神,2000058
92,渡邉雄大,16000000.0,,,,,,,,,,,,,,,,,,,,阪神,
93,岩田将貴,4400000.0,,,,,,,,,,,,,,,,,,,,阪神,2000059
98,コルテン・ブルワー,49000000.0,2.38,13.0,0.0,1.0,,0.0,0.0,0.0,0.0,2.0,14.0,11.12,5.0,3.0,6.0,1.0,6.0,0.0,4.76,阪神,
99,ビーズリー,108800000.0,2.2,18.0,1.0,2.0,41.0,0.333,0.0,0.0,0.0,0.0,43.0,9.44,12.0,10.0,35.0,1.0,13.0,1.0,2.85,阪神,
124,望月惇志,6000000.0,,,,,,,,,,,,,,,,,,,,阪神,
125,伊藤稜,3000000.0,,,,,,,,,,,,,,,,,,,,阪神,1750802
127,川原陸,4200000.0,,,,,,,,,,,,,,,,,,,,阪神,
130,佐藤蓮,6000000.0,,,,,,,,,,,,,,,,,,,,阪神,
12,石山泰稚,150000000.0,4.4,50.0,3.0,6.0,47.0,0.333,0.0,0.0,0.0,24.0,41.0,7.85,27.0,23.0,51.0,3.0,13.0,3.0,2.49,ヤクルト,1200075
012,近藤弘樹,9000000.0,,,,,,,,,,,,,,,,,,,,ヤクルト,
14,高梨裕稔,43000000.0,4.69,15.0,0.0,3.0,,0.0,0.0,0.0,0.0,1.0,30.0,6.69,23.0,21.0,42.0,6.0,10.0,1.0,2.23,ヤクルト,1300045
014,鈴木裕太,3000000.0,,,,,,,,,,,,,,,,,,,,ヤクルト,
15,山下輝,14000000.0,,,,,,,,,,,,,,,,,,,,ヤクルト,
015,沼田翔平,4000000.0,,,,,,,,,,,,,,,,,,,,ヤクルト,1800031
16,原樹理,38000000.0,,,,,,,,,,,,,,,,,,,,ヤクルト,
17,清水昇,100000000.0,2.98,56.0,1.0,8.0,,0.111,0.0,0.0,0.0,38.0,47.0,7.79,20.0,18.0,50.0,6.0,6.0,2.0,0.99,ヤクルト,1800033
18,奥川恭伸,27000000.0,,,,,,,,,,,,,,,,,,,,ヤクルト,1900024
19,石川雅規,90000000.0,3.98,13.0,2.0,5.0,,0.286,0.0,0.0,0.0,0.0,22.0,3.13,32.0,28.0,75.0,11.0,6.0,0.0,0.85,ヤクルト,12113
019,下慎之介,3000000.0,,,,,,,,,,,,,,,,,,,,ヤクルト,
20,木澤尚文,37000000.0,2.72,56.0,2.0,3.0,53.0,0.4,0.0,0.0,0.0,20.0,49.0,8.32,19.0,16.0,42.0,3.0,26.0,5.0,4.42,ヤクルト,2000024
21,吉村貢司郎,16000000.0,4.33,12.0,4.0,2.0,,0.667,0.0,0.0,0.0,0.0,46.0,6.86,31.0,29.0,66.0,9.0,14.0,2.0,2.09,ヤクルト,2103794
24,星知弥,15000000.0,3.38,47.0,2.0,2.0,40.0,0.5,0.0,0.0,0.0,20.0,48.0,10.8,15.0,15.0,34.0,4.0,16.0,1.0,3.6,ヤクルト,1600075
26,山野太一,7500000.0,4.15,5.0,1.0,3.0,26.0,0.25,0.0,0.0,0.0,0.0,15.0,5.19,13.0,12.0,25.0,2.0,11.0,1.0,3.81,ヤクルト,2000025
28,吉田大喜,11000000.0,,,,,,,,,,,,,,,,,,,,ヤクルト,
29,小川泰弘,160000000.0,3.38,23.0,10.0,8.0,144.0,0.556,0.0,0.0,0.0,0.0,86.0,5.38,60.0,54.0,124.0,14.0,33.0,4.0,2.06,ヤクルト,1200076
34,田口麗斗,88000000.0,1.86,50.0,3.0,5.0,,0.375,0.0,0.0,33.0,6.0,55.0,10.24,11.0,10.0,39.0,2.0,13.0,0.0,2.42,ヤクルト,1300029
35,杉山晃基,6800000.0,,,,,,,,,,,,,,,,,,,,ヤクルト,
37,エルビン・ロドリゲス,49000000.0,4.09,7.0,1.0,5.0,33.0,0.167,0.0,0.0,0.0,0.0,23.0,6.27,20.0,15.0,33.0,5.0,13.0,1.0,3.55,ヤクルト,
38,梅野雄吾,35000000.0,3.38,5.0,0.0,0.0,8.0,0.0,0.0,0.0,0.0,0.0,4.0,4.5,3.0,3.0,9.0,1.0,4.0,0.0,4.5,ヤクルト,1600076
40,市川悠太,7500000.0,8.36,4.0,0.0,2.0,14.0,0.0,0.0,0.0,0.0,0.0,7.0,4.5,14.0,13.0,14.0,4.0,5.0,4.0,3.21,ヤクルト,
41,柴田大地,11000000.0,,,,,,,,,,,,,,,,,,,,ヤクルト,2103765
43,山本大貴,9500000.0,2.55,42.0,2.0,0.0,,1.0,0.0,0.0,0.0,9.0,26.0,6.62,11.0,10.0,32.0,4.0,13.0,3.0,3.31,ヤクルト,
44,大西広樹,25000000.0,3.6,46.0,2.0,2.0,55.0,0.5,0.0,0.0,0.0,6.0,35.0,5.73,23.0,22.0,53.0,3.0,12.0,3.0,1.96,ヤクルト,1900027
45,小澤怜史,11000000.0,3.02,29.0,6.0,4.0,,0.6,1.0,1.0,0.0,2.0,83.0,7.37,38.0,34.0,83.0,10.0,29.0,9.0,2.58,ヤクルト,1500139
47,高橋奎二,50000000.0,4.6,20.0,4.0,9.0,,0.308,0.0,0.0,0.0,0.0,94.0,8.32,53.0,52.0,104.0,20.0,47.0,6.0,4.16,ヤクルト,1500042
48,金久保優斗,10000000.0,0.0,1.0,0.0,0.0,4.0,0.0,0.0,0.0,0.0,0.0,2.0,4.5,0.0,0.0,0.0,0.0,3.0,2.0,6.75,ヤクルト,
49,成田翔,6700000.0,5.4,3.0,0.0,0.0,,0.0,0.0,0.0,0.0,0.0,2.0,5.4,2.0,2.0,4.0,0.0,1.0,2.0,2.7,ヤクルト,
52,尾仲祐哉,6000000.0,5.17,11.0,0.0,1.0,,0.0,0.0,0.0,0.0,0.0,8.0,4.6,9.0,9.0,21.0,2.0,7.0,1.0,4.02,ヤクルト,
53,長谷川宙輝,8000000.0,13.5,1.0,0.0,0.0,2.0,0.0,0.0,0.0,0.0,0.0,1.0,4.5,3.0,3.0,3.0,1.0,3.0,0.0,13.5,ヤクルト,1600169
54,サイスニード,195000000.0,3.67,23.0,7.0,8.0,135.0,0.467,2.0,2.0,0.0,0.0,103.0,6.87,61.0,55.0,133.0,15.0,36.0,3.0,2.4,ヤクルト,
56,坂本拓己,5000000.0,,,,,,,,,,,,,,,,,,,,ヤクルト,2107848
58,阪口皓亮,9000000.0,3.31,13.0,0.0,2.0,,0.0,0.0,0.0,0.0,2.0,17.0,9.37,7.0,6.0,19.0,0.0,6.0,0.0,3.31,ヤクルト,1700060
61,久保拓眞,13000000.0,6.0,5.0,0.0,0.0,3.0,0.0,0.0,0.0,0.0,1.0,1.0,3.0,3.0,2.0,8.0,2.0,3.0,1.0,9.0,ヤクルト,
62,竹山日向,5500000.0,,,,,,,,,,,,,,,,,,,,ヤクルト,2103343
63,ピーターズ,105000000.0,3.22,18.0,6.0,5.0,,0.545,0.0,0.0,0.0,0.0,66.0,5.9,41.0,36.0,99.0,8.0,21.0,5.0,1.88,ヤクルト,
64,大下佑馬,13000000.0,,,,,,,,,,,,,,,,,,,,ヤクルト,
67,嘉手苅浩太,5300000.0,,,,,,,,,,,,,,,,,,,,ヤクルト,
68,丸山翔大,3000000.0,4.05,22.0,0.0,0.0,,0.0,0.0,0.0,0.0,0.0,25.0,8.44,12.0,12.0,20.0,3.0,16.0,2.0,5.4,ヤクルト,2000033
69,今野龍太,42000000.0,3.77,26.0,1.0,0.0,31.0,1.0,0.0,0.0,0.0,2.0,13.0,3.77,13.0,13.0,31.0,4.0,10.0,2.0,2.9,ヤクルト,1300092
99,エスピナル,91000000.0,5.4,3.0,0.0,0.0,5.0,0.0,0.0,0.0,0.0,0.0,4.0,7.2,3.0,3.0,1.0,1.0,5.0,0.0,9.0,ヤクルト,
7,根尾昂,18500000.0,0.71,2.0,0.0,0.0,,0.0,0.0,0.0,0.0,0.0,4.0,2.84,5.0,1.0,9.0,0.0,8.0,0.0,5.68,中日,1800059
11,小笠原慎之介,66000000.0,3.59,25.0,7.0,12.0,,0.368,1.0,1.0,0.0,0.0,134.0,7.51,69.0,64.0,153.0,14.0,41.0,4.0,2.3,中日,1500074
12,田島慎二,35000000.0,4.85,32.0,1.0,2.0,,0.333,0.0,0.0,0.0,10.0,31.0,9.4,16.0,16.0,24.0,3.0,17.0,1.0,5.16,中日,1100071
13,橋本侑樹,11000000.0,1.17,13.0,1.0,0.0,,1.0,0.0,0.0,0.0,0.0,9.0,5.28,2.0,2.0,9.0,0.0,10.0,3.0,5.87,中日,1900038
14,谷元圭介,42000000.0,8.44,7.0,0.0,0.0,,0.0,0.0,0.0,0.0,0.0,2.0,3.38,8.0,5.0,5.0,1.0,6.0,0.0,10.12,中日,
17,柳裕也,108000000.0,2.44,24.0,4.0,11.0,,0.267,2.0,0.0,0.0,0.0,105.0,5.97,46.0,43.0,126.0,6.0,47.0,4.0,2.67,中日,1600106
18,梅津晃大,9500000.0,0.95,3.0,1.0,1.0,19.0,0.5,0.0,0.0,0.0,0.0,11.0,5.21,3.0,2.0,9.0,2.0,5.0,2.0,2.37,中日,1800060
19,高橋宏斗,35000000.0,2.53,25.0,7.0,11.0,146.0,0.389,1.0,1.0,0.0,0.0,145.0,8.94,52.0,41.0,129.0,6.0,51.0,9.0,3.14,中日,2000042
20,涌井秀章,100000000.0,3.97,21.0,5.0,13.0,111.0,0.278,0.0,0.0,0.0,0.0,89.0,7.22,53.0,49.0,116.0,9.0,30.0,2.0,2.43,中日,500014
21,岡田俊哉,19000000.0,,,,,,,,,,,,,,,,,,,,中日,
22,大野雄大,300000000.0,0.0,1.0,0.0,1.0,7.0,0.0,0.0,0.0,0.0,0.0,3.0,3.86,1.0,0.0,3.0,0.0,1.0,0.0,1.29,中日,1000138
24,福谷浩司,22000000.0,5.17,14.0,3.0,4.0,54.0,0.429,0.0,0.0,0.0,0.0,36.0,6.0,34.0,31.0,72.0,6.0,11.0,1.0,1.83,中日,1200055
26,石森大誠,9000000.0,,,,,,,,,,,,,,,,,,,,中日,
28,森博人,14500000.0,,,,,,,,,,,,,,,,,,,,中日,2000043
29,ジャリエル・ロドリゲス,200000000.0,,,,,,,,,,,,,,,,,,,,中日,
31,仲地礼亜,16000000.0,4.98,9.0,2.0,5.0,,0.286,0.0,0.0,0.0,0.0,37.0,7.68,24.0,24.0,41.0,6.0,25.0,0.0,5.19,中日,2107860
33,祖父江大輔,100000000.0,3.57,45.0,3.0,5.0,,0.375,0.0,0.0,0.0,13.0,35.0,7.81,16.0,16.0,39.0,4.0,8.0,1.0,1.79,中日,
34,福敬登,50000000.0,2.55,29.0,1.0,0.0,,1.0,0.0,0.0,0.0,12.0,15.0,7.64,8.0,5.0,12.0,1.0,8.0,1.0,4.08,中日,1500077
36,岡野祐一郎,8500000.0,5.73,15.0,0.0,0.0,22.0,0.0,0.0,0.0,0.0,0.0,19.0,7.77,14.0,14.0,22.0,3.0,2.0,3.0,0.82,中日,
38,松葉貴大,50000000.0,3.28,11.0,1.0,4.0,,0.2,0.0,0.0,0.0,0.0,20.0,3.12,23.0,21.0,55.0,1.0,14.0,1.0,2.18,中日,1200098
40,森山暁生,6000000.0,,,,,,,,,,,,,,,,,,,,中日,2102616
41,勝野昌慶,19000000.0,2.01,50.0,5.0,2.0,,0.714,0.0,0.0,1.0,20.0,49.0,8.94,11.0,11.0,33.0,2.0,22.0,2.0,4.01,中日,1800061
46,鈴木博志,13500000.0,4.07,9.0,1.0,2.0,,0.333,0.0,0.0,0.0,1.0,5.0,1.85,12.0,11.0,23.0,1.0,12.0,2.0,4.44,中日,
47,砂田毅樹,50000000.0,4.61,18.0,0.0,1.0,,0.0,0.0,0.0,0.0,1.0,12.0,7.9,7.0,7.0,12.0,1.0,7.0,0.0,4.61,中日,
50,清水達也,32000000.0,3.09,50.0,3.0,3.0,,0.5,0.0,0.0,0.0,25.0,54.0,10.41,16.0,16.0,34.0,3.0,30.0,1.0,5.79,中日,1700104
54,藤嶋健人,46000000.0,1.07,56.0,1.0,1.0,,0.5,0.0,0.0,4.0,14.0,46.0,8.17,10.0,6.0,34.0,1.0,14.0,1.0,2.49,中日,1600110
59,山本拓実,13500000.0,5.54,14.0,0.0,1.0,13.0,0.0,0.0,0.0,0.0,0.0,11.0,7.62,11.0,8.0,17.0,1.0,5.0,0.0,3.46,中日,1700106
59,齋藤綱記,13000000.0,0.73,31.0,2.0,0.0,,1.0,0.0,0.0,0.0,11.0,24.0,8.76,3.0,2.0,18.0,0.0,10.0,1.0,3.65,中日,1400199
64,福島章太,5850000.0,13.5,4.0,0.0,0.0,,0.0,0.0,0.0,0.0,0.0,2.0,5.4,5.0,5.0,8.0,0.0,1.0,1.0,2.7,中日,
67,上田洸太朗,8100000.0,4.5,13.0,0.0,0.0,20.0,0.0,0.0,0.0,0.0,0.0,15.0,6.75,13.0,10.0,22.0,0.0,9.0,0.0,4.05,中日,
70,近藤廉,5100000.0,72.0,1.0,0.0,0.0,1.0,0.0,0.0,0.0,0.0,0.0,1.0,9.0,10.0,8.0,8.0,0.0,4.0,1.0,36.0,中日,2000048
90,松山晋也,3000000.0,1.27,36.0,1.0,1.0,,0.5,0.0,0.0,0.0,17.0,50.0,12.74,6.0,5.0,23.0,0.0,14.0,6.0,3.57,中日,2107869
91,ウンベルト・メヒア,50000000.0,2.23,8.0,3.0,1.0,,0.75,0.0,0.0,0.0,0.0,20.0,4.06,11.0,11.0,31.0,3.0,18.0,2.0,3.65,中日,
92,ライデル・マルティネス,200000000.0,0.39,48.0,3.0,1.0,,0.75,0.0,0.0,32.0,9.0,62.0,11.96,4.0,2.0,31.0,1.0,4.0,0.0,0.77,中日,
93,マイケル・フェリス,,3.14,19.0,1.0,0.0,,1.0,0.0,0.0,0.0,9.0,16.0,10.05,5.0,5.0,9.0,1.0,11.0,2.0,6.91,中日,
201,竹内龍臣,5250000.0,,,,,,,,,,,,,,,,,,,,中日,
202,フランク・アルバレス,10000000.0,,,,,,,,,,,,,,,,,,,,中日,
203,岩嵜翔,28000000.0,,,,,,,,,,,,,,,,,,,,中日,800080
204,加藤翼,5500000.0,,,,,,,,,,,,,,,,,,,,中日,
205,垣越建伸,5250000.0,,,,,,,,,,,,,,,,,,,,中日,
206,松木平優太,3150000.0,,,,,,,,,,,,,,,,,,,,中日,2000050
207,松田亘哲,3150000.0,,,,,,,,,,,,,,,,,,,,中日,
208,石川翔,5300000.0,,,,,,,,,,,,,,,,,,,,中日,1700102
212,野中天翔,3000000.0,,,,,,,,,,,,,,,,,,,,中日,
12,矢澤宏太,15000000.0,0.0,2.0,0.0,0.0,2.0,0.0,0.0,0.0,0.0,0.0,3.0,13.5,0.0,0.0,1.0,0.0,0.0,0.0,0.0,日本ハム,2106284
13,生田目翼,9000000.0,2.16,5.0,0.0,1.0,,0.0,0.0,0.0,0.0,0.0,5.0,5.4,3.0,2.0,5.0,0.0,4.0,2.0,4.32,日本ハム,1800092
14,加藤貴之,135000000.0,2.87,24.0,7.0,9.0,,0.438,3.0,1.0,0.0,0.0,83.0,4.57,59.0,52.0,162.0,14.0,16.0,1.0,0.88,日本ハム,1500110
15,上沢直之,170000000.0,2.96,24.0,9.0,9.0,170.0,0.5,2.0,2.0,0.0,0.0,124.0,6.56,66.0,56.0,152.0,14.0,41.0,5.0,2.17,日本ハム,1100099
16,達孝太,10000000.0,,,,,,,,,,,,,,,,,,,,日本ハム,2050307
17,伊藤大海,85000000.0,3.46,24.0,7.0,10.0,,0.412,3.0,1.0,0.0,0.0,134.0,7.87,64.0,59.0,147.0,11.0,41.0,8.0,2.41,日本ハム,2000079
18,吉田輝星,20000000.0,9.0,3.0,0.0,0.0,3.0,0.0,0.0,0.0,0.0,0.0,2.0,6.0,3.0,3.0,5.0,1.0,2.0,0.0,6.0,日本ハム,1800090
19,玉井大翔,68000000.0,2.63,50.0,0.0,2.0,,0.0,0.0,0.0,2.0,10.0,21.0,5.02,14.0,11.0,43.0,3.0,7.0,3.0,1.67,日本ハム,1600139
20,上原健太,24000000.0,2.75,19.0,4.0,7.0,,0.364,0.0,0.0,0.0,0.0,74.0,6.57,40.0,31.0,101.0,7.0,22.0,4.0,1.95,日本ハム,1500109
22,杉浦稔大,60000000.0,2.78,24.0,0.0,1.0,,0.0,0.0,0.0,0.0,0.0,22.0,8.74,9.0,7.0,22.0,4.0,10.0,2.0,3.97,日本ハム,1300094
24,金村尚真,11000000.0,1.8,4.0,2.0,1.0,25.0,0.667,0.0,0.0,0.0,0.0,23.0,8.28,7.0,5.0,18.0,0.0,5.0,0.0,1.8,日本ハム,2107859
25,宮西尚生,50000000.0,2.66,31.0,1.0,3.0,,0.25,0.0,0.0,1.0,13.0,24.0,9.13,7.0,7.0,29.0,3.0,10.0,3.0,3.8,日本ハム,800052
26,田中正義,12000000.0,3.5,47.0,2.0,3.0,,0.4,0.0,0.0,25.0,8.0,46.0,8.94,18.0,18.0,43.0,6.0,13.0,0.0,2.53,日本ハム,1600164
28,河野竜生,27000000.0,1.7,50.0,1.0,4.0,,0.2,0.0,0.0,0.0,20.0,35.0,7.44,9.0,8.0,30.0,1.0,9.0,3.0,1.91,日本ハム,1900070
29,井口和朋,33000000.0,5.4,5.0,0.0,0.0,5.0,0.0,0.0,0.0,0.0,0.0,2.0,3.6,3.0,3.0,6.0,0.0,3.0,0.0,5.4,日本ハム,1500111
31,ジェームス・マーベル,25000000.0,2.49,8.0,2.0,2.0,,0.5,0.0,0.0,0.0,0.0,12.0,4.98,9.0,6.0,21.0,1.0,9.0,1.0,3.74,日本ハム,
33,立野和明,16000000.0,6.0,4.0,0.0,1.0,6.0,0.0,0.0,0.0,0.0,0.0,7.0,10.5,4.0,4.0,10.0,2.0,1.0,0.0,1.5,日本ハム,
34,堀瑞輝,55000000.0,9.0,5.0,1.0,0.0,4.0,1.0,0.0,0.0,0.0,0.0,3.0,6.75,4.0,4.0,9.0,3.0,1.0,0.0,2.25,日本ハム,1600133
40,福田俊,12000000.0,0.0,29.0,1.0,0.0,,1.0,0.0,0.0,0.0,3.0,19.0,6.49,0.0,0.0,11.0,0.0,10.0,2.0,3.42,日本ハム,1800096
41,ブライアン・ロドリゲス,120000000.0,5.09,37.0,1.0,7.0,,0.125,0.0,0.0,0.0,12.0,20.0,5.09,21.0,20.0,42.0,5.0,20.0,0.0,5.09,日本ハム,
45,コディ・ポンセ,180000000.0,3.66,10.0,4.0,5.0,,0.444,0.0,0.0,0.0,0.0,43.0,7.49,27.0,21.0,59.0,3.0,17.0,3.0,2.96,日本ハム,
46,畔柳亨丞,5400000.0,,,,,,,,,,,,,,,,,,,,日本ハム,2050199
47,鈴木健矢,19000000.0,2.63,24.0,6.0,4.0,65.0,0.6,0.0,0.0,0.0,1.0,23.0,3.18,24.0,19.0,59.0,3.0,21.0,3.0,2.91,日本ハム,1900073
48,齋藤友貴哉,17000000.0,,,,,,,,,,,,,,,,,,,,日本ハム,1800068
51,石川直也,40000000.0,5.87,16.0,0.0,0.0,,0.0,0.0,0.0,1.0,3.0,12.0,7.04,10.0,10.0,17.0,1.0,4.0,1.0,2.35,日本ハム,1400120
52,池田隆英,16000000.0,2.86,51.0,1.0,5.0,,0.167,0.0,0.0,0.0,25.0,45.0,8.05,18.0,16.0,33.0,5.0,12.0,2.0,2.15,日本ハム,1600093
53,長谷川威展,7100000.0,1.08,9.0,0.0,0.0,,0.0,0.0,0.0,0.0,0.0,5.0,5.4,1.0,1.0,8.0,0.0,3.0,1.0,3.24,日本ハム,2103731
54,安西叶翔,5300000.0,,,,,,,,,,,,,,,,,,,,日本ハム,2107882
55,松浦慶斗,5400000.0,,,,,,,,,,,,,,,,,,,,日本ハム,2050261
57,北山亘基,27000000.0,3.41,14.0,6.0,5.0,66.0,0.545,0.0,0.0,0.0,0.0,58.0,7.91,26.0,25.0,49.0,9.0,34.0,0.0,4.64,日本ハム,1750903
59,根本悠楓,13000000.0,2.88,5.0,3.0,1.0,25.0,0.75,0.0,0.0,0.0,0.0,23.0,8.28,8.0,8.0,12.0,2.0,14.0,3.0,5.04,日本ハム,2000083
62,宮内春輝,8500000.0,6.48,15.0,1.0,0.0,,1.0,0.0,0.0,0.0,1.0,18.0,9.72,12.0,12.0,23.0,1.0,5.0,0.0,2.7,日本ハム,2107958
63,北浦竜次,7700000.0,3.09,12.0,0.0,0.0,,0.0,0.0,0.0,0.0,0.0,11.0,8.49,4.0,4.0,12.0,1.0,2.0,0.0,1.54,日本ハム,1700029
67,齋藤綱記,13000000.0,10.8,4.0,1.0,0.0,,1.0,0.0,0.0,0.0,0.0,3.0,8.1,4.0,4.0,5.0,2.0,0.0,0.0,0.0,日本ハム,1400199
67,山本拓実,13500000.0,1.5,26.0,0.0,0.0,24.0,0.0,0.0,0.0,0.0,3.0,19.0,7.12,4.0,4.0,23.0,2.0,6.0,0.0,2.25,日本ハム,1700106
68,松岡洸希,6000000.0,,,,,,,,,,,,,,,,,,,,日本ハム,1900063
93,田中瑛斗,7000000.0,5.4,2.0,0.0,0.0,,0.0,0.0,0.0,0.0,0.0,4.0,4.32,5.0,5.0,8.0,1.0,7.0,1.0,7.56,日本ハム,1700027
114,松本遼大,2900000.0,,,,,,,,,,,,,,,,,,,,日本ハム,2000085
115,齊藤伸治,2900000.0,,,,,,,,,,,,,,,,,,,,日本ハム,
121,福島蓮,2600000.0,,,,,,,,,,,,,,,,,,,,日本ハム,2100027
123,柳川大晟,2600000.0,,,,,,,,,,,,,,,,,,,,日本ハム,2103635
126,中山晶量,2600000.0,,,,,,,,,,,,,,,,,,,,日本ハム,
128,山本晃大,2600000.0,,,,,,,,,,,,,,,,,,,,日本ハム,
137,柿木蓮,4400000.0,,,,,,,,,,,,,,,,,,,,日本ハム,
161,姫野優也,4400000.0,,,,,,,,,,,,,,,,,,,,日本ハム,
1,風間球打,10800000.0,,,,,,,,,,,,,,,,,,,,ソフトバンク,
2,スチュワート・ジュニア,110000000.0,3.38,14.0,3.0,6.0,,0.333,0.0,0.0,0.0,0.0,67.0,7.8,31.0,29.0,70.0,7.0,42.0,1.0,4.89,ソフトバンク,
11,津森宥紀,41000000.0,3.51,56.0,4.0,4.0,,0.5,0.0,0.0,0.0,22.0,44.0,8.14,20.0,19.0,37.0,4.0,21.0,3.0,3.88,ソフトバンク,1900102
14,又吉克樹,150000000.0,2.25,32.0,2.0,2.0,28.0,0.5,0.0,0.0,0.0,10.0,15.0,4.82,7.0,7.0,21.0,2.0,10.0,2.0,3.21,ソフトバンク,1300063
16,東浜巨,150000000.0,4.52,17.0,6.0,7.0,,0.462,0.0,0.0,0.0,0.0,73.0,6.59,50.0,50.0,114.0,6.0,24.0,0.0,2.17,ソフトバンク,1200106
17,有原航平,500000000.0,2.31,17.0,10.0,5.0,,0.667,1.0,1.0,0.0,0.0,74.0,5.52,40.0,31.0,105.0,13.0,25.0,7.0,1.86,ソフトバンク,1400117
18,武田翔太,150000000.0,3.91,29.0,1.0,2.0,46.0,0.333,0.0,0.0,0.0,2.0,38.0,7.43,20.0,20.0,45.0,1.0,19.0,2.0,3.72,ソフトバンク,
20,甲斐野央,36000000.0,2.53,46.0,3.0,1.0,,0.75,0.0,0.0,2.0,8.0,39.0,8.23,12.0,12.0,33.0,2.0,13.0,2.0,2.74,ソフトバンク,1800106
21,和田毅,165000000.0,3.24,21.0,8.0,6.0,100.0,0.571,0.0,0.0,0.0,0.0,85.0,7.65,39.0,36.0,89.0,10.0,29.0,3.0,2.61,ソフトバンク,
26,大津亮介,12000000.0,2.43,46.0,2.0,0.0,,1.0,0.0,0.0,0.0,13.0,21.0,4.65,14.0,11.0,34.0,5.0,11.0,2.0,2.43,ソフトバンク,1550517
27,J.ガンケル,160000000.0,5.82,5.0,0.0,1.0,17.0,0.0,0.0,0.0,0.0,0.0,11.0,5.82,14.0,11.0,21.0,3.0,5.0,2.0,2.65,ソフトバンク,
28,高橋礼,43000000.0,10.8,5.0,0.0,2.0,,0.0,0.0,0.0,0.0,0.0,2.0,1.54,14.0,14.0,23.0,3.0,6.0,1.0,4.63,ソフトバンク,1700130
29,石川柊太,150000000.0,4.15,23.0,4.0,8.0,,0.333,1.0,1.0,0.0,0.0,119.0,8.52,63.0,58.0,108.0,15.0,61.0,8.0,4.37,ソフトバンク,1300080
34,椎野新,19000000.0,3.86,11.0,0.0,1.0,,0.0,0.0,0.0,0.0,0.0,17.0,9.37,9.0,7.0,17.0,1.0,9.0,0.0,4.96,ソフトバンク,
35,L.モイネロ,300000000.0,0.98,27.0,3.0,0.0,,1.0,0.0,0.0,5.0,13.0,37.0,12.04,3.0,3.0,11.0,0.0,5.0,0.0,1.63,ソフトバンク,
38,森唯斗,460000000.0,4.6,6.0,2.0,3.0,,0.4,0.0,0.0,0.0,0.0,27.0,8.28,15.0,15.0,28.0,2.0,9.0,0.0,2.76,ソフトバンク,
39,尾形崇斗,8000000.0,4.0,12.0,0.0,1.0,18.0,0.0,0.0,0.0,0.0,0.0,15.0,7.5,11.0,8.0,18.0,3.0,3.0,1.0,1.5,ソフトバンク,1700134
40,杉山一樹,16000000.0,,,,,,,,,,,,,,,,,,,,ソフトバンク,1800107
42,大関友久,45000000.0,2.92,17.0,5.0,7.0,,0.417,2.0,1.0,0.0,0.0,76.0,6.54,36.0,34.0,86.0,11.0,35.0,6.0,3.01,ソフトバンク,1900106
47,高橋純平,21000000.0,,,,,,,,,,,,,,,,,,,,ソフトバンク,
48,藤井皓哉,50000000.0,2.33,34.0,5.0,3.0,,0.625,0.0,0.0,0.0,9.0,84.0,10.85,21.0,18.0,46.0,3.0,33.0,7.0,4.26,ソフトバンク,1400176
49,松本晴,8000000.0,7.11,3.0,0.0,1.0,,0.0,0.0,0.0,0.0,0.0,4.0,5.68,5.0,5.0,8.0,0.0,3.0,1.0,4.26,ソフトバンク,2107909
50,板東湧梧,34000000.0,3.04,30.0,5.0,4.0,83.0,0.556,0.0,0.0,0.0,1.0,58.0,6.29,32.0,28.0,73.0,5.0,34.0,3.0,3.69,ソフトバンク,1800109
53,泉圭輔,27000000.0,16.88,3.0,0.0,0.0,,0.0,0.0,0.0,0.0,0.0,2.0,6.75,5.0,5.0,4.0,1.0,3.0,2.0,10.12,ソフトバンク,1800111
54,ロベルト・オスナ,650000000.0,0.92,49.0,3.0,2.0,49.0,0.6,0.0,0.0,26.0,12.0,42.0,7.71,5.0,5.0,28.0,3.0,6.0,0.0,1.1,ソフトバンク,
56,田浦文丸,9600000.0,2.38,45.0,2.0,1.0,34.0,0.667,0.0,0.0,0.0,7.0,28.0,7.41,9.0,9.0,31.0,1.0,12.0,7.0,3.18,ソフトバンク,
57,嘉弥真新也,160000000.0,5.25,23.0,1.0,0.0,12.0,1.0,0.0,0.0,0.0,7.0,7.0,5.25,7.0,7.0,16.0,1.0,6.0,1.0,4.5,ソフトバンク,
58,木村大成,5500000.0,,,,,,,,,,,,,,,,,,,,ソフトバンク,2100009
60,大野稼頭央,5000000.0,,,,,,,,,,,,,,,,,,,,ソフトバンク,2104898
61,ダーウィンゾン・ヘルナンデス,,27.0,1.0,0.0,0.0,,0.0,0.0,0.0,0.0,0.0,1.0,13.5,2.0,2.0,3.0,1.0,1.0,1.0,13.5,ソフトバンク,
63,古川侑利,13000000.0,4.5,9.0,0.0,0.0,10.0,0.0,0.0,0.0,0.0,0.0,11.0,9.9,5.0,5.0,12.0,3.0,1.0,0.0,0.9,ソフトバンク,
66,松本裕樹,40000000.0,2.68,53.0,2.0,2.0,47.0,0.5,0.0,0.0,0.0,25.0,60.0,11.49,16.0,14.0,32.0,5.0,17.0,0.0,3.26,ソフトバンク,1400126
67,笠谷俊介,21000000.0,1.59,8.0,0.0,0.0,,0.0,0.0,0.0,0.0,0.0,11.0,8.74,2.0,2.0,8.0,0.0,8.0,0.0,6.35,ソフトバンク,
68,木村光,4000000.0,,,,,,,,,,,,,,,,,,,,ソフトバンク,1851115
70,田上奏大,6500000.0,,,,,,,,,,,,,,,,,,,,ソフトバンク,2000112
120,佐藤宏樹,4000000.0,,,,,,,,,,,,,,,,,,,,ソフトバンク,2000113
123,中道佑哉,4000000.0,,,,,,,,,,,,,,,,,,,,ソフトバンク,
124,桑原秀侍,3600000.0,,,,,,,,,,,,,,,,,,,,ソフトバンク,2000115
126,奥村政稔,9000000.0,,,,,,,,,,,,,,,,,,,,ソフトバンク,1800112
133,岡本直也,4000000.0,,,,,,,,,,,,,,,,,,,,ソフトバンク,
134,大城真乃,3600000.0,,,,,,,,,,,,,,,,,,,,ソフトバンク,
135,A.アルメンタ,10000000.0,,,,,,,,,,,,,,,,,,,,ソフトバンク,
136,大竹風雅,6000000.0,,,,,,,,,,,,,,,,,,,,ソフトバンク,2103847
137,中村亮太,6500000.0,,,,,,,,,,,,,,,,,,,,ソフトバンク,2000120
138,重田倫明,4000000.0,,,,,,,,,,,,,,,,,,,,ソフトバンク,
139,井崎燦志郎,3600000.0,,,,,,,,,,,,,,,,,,,,ソフトバンク,2103821
140,三浦瑞樹,4000000.0,,,,,,,,,,,,,,,,,,,,ソフトバンク,1650489
141,M.フェリックス,10000000.0,,,,,,,,,,,,,,,,,,,,ソフトバンク,
143,村上舜,3600000.0,,,,,,,,,,,,,,,,,,,,ソフトバンク,
145,田中怜利ハモンド,3600000.0,,,,,,,,,,,,,,,,,,,,ソフトバンク,
147,加藤洸稀,3600000.0,,,,,,,,,,,,,,,,,,,,ソフトバンク,
148,山崎琢磨,3600000.0,,,,,,,,,,,,,,,,,,,,ソフトバンク,2103199
152,瀧本将生,3600000.0,,,,,,,,,,,,,,,,,,,,ソフトバンク,
154,佐藤琢磨,4000000.0,,,,,,,,,,,,,,,,,,,,ソフトバンク,2103715
156,ルイス・ロドリゲス,10000000.0,,,,,,,,,,,,,,,,,,,,ソフトバンク,
158,赤羽蓮,3600000.0,,,,,,,,,,,,,,,,,,,,ソフトバンク,
161,内野海斗,3600000.0,,,,,,,,,,,,,,,,,,,,ソフトバンク,2107741
162,岡植純平,3600000.0,,,,,,,,,,,,,,,,,,,,ソフトバンク,2107618
163,佐々木明都,3600000.0,,,,,,,,,,,,,,,,,,,,ソフトバンク,2107761
164,水口創太,4000000.0,,,,,,,,,,,,,,,,,,,,ソフトバンク,
165,宮崎颯,4000000.0,,,,,,,,,,,,,,,,,,,,ソフトバンク,2107586
167,前田純,4000000.0,,,,,,,,,,,,,,,,,,,,ソフトバンク,2107792
169,飛田悠成,3600000.0,,,,,,,,,,,,,,,,,,,,ソフトバンク,2107780
172,渡邊佑樹,7000000.0,,,,,,,,,,,,,,,,,,,,ソフトバンク,
11,佐々木千隼,38500000.0,3.0,2.0,0.0,0.0,3.0,0.0,0.0,0.0,0.0,0.0,0.0,0.0,2.0,1.0,6.0,0.0,0.0,1.0,0.0,ロッテ,1600141
12,石川歩,150000000.0,,,,,,,,,,,,,,,,,,,,ロッテ,
14,小島和哉,68000000.0,3.47,25.0,10.0,6.0,,0.625,0.0,0.0,0.0,0.0,114.0,6.48,64.0,61.0,143.0,14.0,57.0,6.0,3.24,ロッテ,1800052
15,美馬学,140000000.0,4.76,18.0,3.0,9.0,,0.25,0.0,0.0,0.0,0.0,67.0,6.13,55.0,52.0,106.0,13.0,32.0,3.0,2.93,ロッテ,1000155
16,種市篤暉,18000000.0,3.42,23.0,10.0,7.0,,0.588,0.0,0.0,0.0,0.0,157.0,10.34,56.0,52.0,124.0,12.0,45.0,7.0,2.96,ロッテ,1600146
17,佐々木朗希,80000000.0,1.78,15.0,7.0,4.0,91.0,0.636,0.0,0.0,0.0,0.0,135.0,13.35,19.0,18.0,51.0,1.0,17.0,5.0,1.68,ロッテ,
18,二木康太,46000000.0,,,,,,,,,,,,,,,,,,,,ロッテ,
19,唐川侑己,100000000.0,7.04,6.0,0.0,1.0,,0.0,0.0,0.0,0.0,1.0,2.0,2.35,6.0,6.0,15.0,1.0,1.0,0.0,1.17,ロッテ,800060
20,東條大樹,55000000.0,7.45,11.0,0.0,0.0,,0.0,0.0,0.0,1.0,2.0,10.0,9.31,9.0,8.0,12.0,1.0,5.0,0.0,4.66,ロッテ,
24,東妻勇輔,17000000.0,2.91,36.0,0.0,1.0,34.0,0.0,0.0,0.0,0.0,11.0,28.0,7.41,11.0,11.0,29.0,3.0,12.0,1.0,3.18,ロッテ,1800051
28,菊地吏玖,16000000.0,2.25,1.0,0.0,1.0,4.0,0.0,0.0,0.0,0.0,0.0,0.0,0.0,4.0,1.0,7.0,1.0,3.0,0.0,6.75,ロッテ,2106795
29,西野勇士,50000000.0,2.69,18.0,8.0,5.0,117.0,0.615,1.0,0.0,0.0,0.0,92.0,7.08,39.0,35.0,109.0,4.0,23.0,4.0,1.77,ロッテ,900081
30,廣畑敦也,17000000.0,5.73,8.0,1.0,1.0,11.0,0.5,0.0,0.0,0.0,0.0,11.0,9.0,7.0,7.0,14.0,1.0,5.0,0.0,4.09,ロッテ,2103779
33,八木彬,13000000.0,18.0,3.0,0.0,0.0,3.0,0.0,0.0,0.0,0.0,0.0,2.0,6.0,6.0,6.0,9.0,1.0,2.0,0.0,6.0,ロッテ,1450608
34,高野脩汰,11500000.0,1.64,7.0,0.0,0.0,11.0,0.0,0.0,0.0,0.0,0.0,8.0,6.55,4.0,2.0,9.0,1.0,5.0,0.0,4.09,ロッテ,2105534
35,田中晴也,6000000.0,,,,,,,,,,,,,,,,,,,,ロッテ,2102758
36,坂本光士郎,14000000.0,3.21,51.0,1.0,0.0,,1.0,0.0,0.0,0.0,16.0,48.0,9.06,18.0,17.0,46.0,5.0,22.0,2.0,4.15,ロッテ,1800037
37,小野郁,40000000.0,4.66,10.0,0.0,1.0,,0.0,0.0,0.0,0.0,4.0,6.0,5.59,5.0,5.0,9.0,0.0,3.0,1.0,2.79,ロッテ,1400140
40,西村天裕,19000000.0,1.25,44.0,4.0,0.0,,1.0,0.0,0.0,0.0,14.0,41.0,8.52,7.0,6.0,28.0,2.0,16.0,1.0,3.32,ロッテ,
41,カスティーヨ,90000000.0,3.12,12.0,3.0,3.0,49.0,0.5,0.0,0.0,0.0,1.0,34.0,6.24,18.0,17.0,52.0,2.0,3.0,2.0,0.55,ロッテ,
42,Ｃ.Ｃ.メルセデス,45000000.0,3.33,22.0,4.0,8.0,,0.333,0.0,0.0,1.0,0.0,58.0,4.49,46.0,43.0,111.0,8.0,36.0,2.0,2.79,ロッテ,
43,秋山正雲,5600000.0,,,,,,,,,,,,,,,,,,,,ロッテ,2103479
46,岩下大輝,42000000.0,2.93,27.0,1.0,0.0,,1.0,0.0,0.0,0.0,3.0,28.0,8.22,11.0,10.0,25.0,2.0,14.0,1.0,4.11,ロッテ,
47,鈴木昭汰,16000000.0,2.76,13.0,0.0,0.0,,0.0,0.0,0.0,0.0,0.0,13.0,7.16,8.0,5.0,12.0,2.0,7.0,0.0,3.86,ロッテ,2000087
48,中村稔弥,15000000.0,2.31,17.0,3.0,1.0,,0.75,0.0,0.0,0.0,0.0,19.0,7.33,6.0,6.0,22.0,0.0,6.0,1.0,2.31,ロッテ,1800054
49,本前郁也,13000000.0,3.6,1.0,0.0,0.0,5.0,0.0,0.0,0.0,0.0,0.0,5.0,9.0,2.0,2.0,4.0,1.0,4.0,0.0,7.2,ロッテ,1900085
50,小沼健太,7200000.0,9.0,4.0,0.0,0.0,7.0,0.0,0.0,0.0,0.0,0.0,4.0,5.14,7.0,7.0,9.0,1.0,3.0,1.0,3.86,ロッテ,
52,益田直也,200000000.0,3.71,58.0,2.0,5.0,,0.286,0.0,0.0,36.0,13.0,54.0,9.11,23.0,22.0,49.0,9.0,14.0,1.0,2.36,ロッテ,1100104
54,澤村拓一,200000000.0,4.91,34.0,4.0,3.0,33.0,0.571,0.0,0.0,3.0,14.0,24.0,6.55,18.0,18.0,33.0,6.0,18.0,1.0,4.91,ロッテ,
55,ルイス・ぺルドモ,100000000.0,2.13,53.0,1.0,3.0,,0.25,0.0,0.0,1.0,41.0,41.0,7.28,15.0,12.0,49.0,1.0,15.0,0.0,2.66,ロッテ,
56,中森俊介,7200000.0,3.54,13.0,3.0,2.0,,0.6,0.0,0.0,0.0,0.0,10.0,4.43,8.0,8.0,17.0,2.0,8.0,3.0,3.54,ロッテ,2000088
58,河村説人,15000000.0,,,,,,,,,,,,,,,,,,,,ロッテ,2000090
60,横山陸人,6700000.0,5.26,38.0,2.0,3.0,,0.4,0.0,0.0,1.0,8.0,42.0,9.61,25.0,23.0,41.0,3.0,18.0,1.0,4.12,ロッテ,1900083
62,森遼大朗,4600000.0,6.0,7.0,1.0,4.0,33.0,0.2,0.0,0.0,0.0,0.0,29.0,7.91,23.0,22.0,41.0,3.0,10.0,2.0,2.73,ロッテ,1700099
64,佐藤奨真,9000000.0,,,,,,,,,,,,,,,,,,,,ロッテ,
65,土居豪人,6300000.0,,,,,,,,,,,,,,,,,,,,ロッテ,
66,澤田圭佑,4400000.0,1.08,17.0,2.0,0.0,,1.0,0.0,0.0,2.0,6.0,18.0,9.72,2.0,2.0,11.0,1.0,6.0,0.0,3.24,ロッテ,1600157
92,国吉佑樹,60000000.0,0.0,3.0,0.0,0.0,,0.0,0.0,0.0,0.0,0.0,2.0,4.91,0.0,0.0,1.0,0.0,2.0,0.0,4.91,ロッテ,1000007
120,田中楓基,2400000.0,,,,,,,,,,,,,,,,,,,,ロッテ,
121,土肥星也,8500000.0,,,,,,,,,,,,,,,,,,,,ロッテ,
124,古谷拓郎,4800000.0,,,,,,,,,,,,,,,,,,,,ロッテ,
125,永島田輝斗,2400000.0,,,,,,,,,,,,,,,,,,,,ロッテ,2103622
127,吉川悠斗,2400000.0,,,,,,,,,,,,,,,,,,,,ロッテ,2107880
128,白濱快起,2400000.0,,,,,,,,,,,,,,,,,,,,ロッテ,
131,ダリットソン・フェリス,3500000.0,,,,,,,,,,,,,,,,,,,,ロッテ,
12,渡邉勇太朗,8500000.0,0.82,2.0,1.0,0.0,11.0,1.0,0.0,0.0,0.0,0.0,4.0,3.27,1.0,1.0,7.0,0.0,5.0,0.0,4.09,西武,1800081
13,高橋光成,180000000.0,2.21,23.0,10.0,8.0,155.0,0.556,4.0,2.0,0.0,0.0,120.0,6.97,47.0,38.0,123.0,8.0,47.0,7.0,2.73,西武,1400182
14,増田達至,300000000.0,5.45,40.0,4.0,4.0,38.0,0.5,0.0,0.0,19.0,6.0,27.0,6.39,24.0,23.0,44.0,5.0,7.0,2.0,1.66,西武,
15,宮川哲,25000000.0,7.16,4.0,1.0,2.0,,0.333,0.0,0.0,0.0,0.0,9.0,4.96,13.0,13.0,23.0,3.0,13.0,2.0,7.16,西武,
16,隅田知一郎,20000000.0,3.44,22.0,9.0,10.0,131.0,0.474,2.0,1.0,0.0,0.0,128.0,8.79,52.0,50.0,123.0,11.0,41.0,7.0,2.82,西武,1751148
17,松本航,65000000.0,3.47,20.0,6.0,8.0,,0.429,1.0,0.0,0.0,0.0,89.0,6.87,48.0,45.0,102.0,14.0,48.0,5.0,3.7,西武,1800080
19,佐藤隼輔,16000000.0,2.5,47.0,1.0,2.0,,0.333,0.0,0.0,0.0,18.0,27.0,6.13,15.0,11.0,35.0,1.0,16.0,0.0,3.63,西武,2103714
20,浜屋将太,10000000.0,,,,,,,,,,,,,,,,,,,,西武,1900062
23,公文克彦,36000000.0,9.64,7.0,1.0,1.0,,0.5,0.0,0.0,0.0,0.0,1.0,1.93,5.0,5.0,7.0,0.0,5.0,0.0,9.64,西武,
25,平井克典,80000000.0,2.55,54.0,4.0,3.0,53.0,0.571,0.0,0.0,0.0,28.0,29.0,4.92,15.0,15.0,46.0,3.0,22.0,1.0,3.74,西武,
26,佐々木健,20000000.0,0.87,21.0,0.0,1.0,,0.0,0.0,0.0,0.0,4.0,13.0,5.66,5.0,2.0,14.0,0.0,8.0,1.0,3.48,西武,2000068
28,森脇亮介,40000000.0,1.95,31.0,2.0,1.0,,0.667,0.0,0.0,3.0,12.0,26.0,8.46,8.0,6.0,22.0,1.0,15.0,0.0,4.88,西武,1800085
29,青山美夏人,10000000.0,2.96,39.0,0.0,1.0,,0.0,0.0,0.0,3.0,1.0,34.0,6.7,15.0,15.0,32.0,4.0,23.0,0.0,4.53,西武,2106286
36,山田陽翔,7000000.0,,,,,,,,,,,,,,,,,,,,西武,2103133
40,田村伊知郎,10000000.0,1.52,24.0,2.0,1.0,,0.667,0.0,0.0,1.0,6.0,20.0,7.61,4.0,4.0,14.0,1.0,8.0,0.0,3.04,西武,
41,井上広輝,5400000.0,,,,,,,,,,,,,,,,,,,,西武,
42,ボー・タカハシ,35000000.0,3.0,28.0,0.0,1.0,36.0,0.0,0.0,0.0,0.0,0.0,27.0,6.75,12.0,12.0,20.0,1.0,19.0,7.0,4.75,西武,
43,羽田慎之介,6000000.0,,,,,,,,,,,,,,,,,,,,西武,2103625
44,與座海人,33000000.0,3.69,15.0,2.0,6.0,83.0,0.25,1.0,1.0,0.0,0.0,39.0,4.23,38.0,34.0,72.0,9.0,21.0,5.0,2.28,西武,1700125
45,本田圭佑,30000000.0,1.56,25.0,0.0,1.0,,0.0,0.0,0.0,0.0,2.0,29.0,7.53,7.0,6.0,34.0,2.0,15.0,0.0,3.89,西武,
47,張奕,12000000.0,9.0,5.0,0.0,0.0,5.0,0.0,0.0,0.0,0.0,0.0,3.0,5.4,5.0,5.0,10.0,2.0,1.0,0.0,1.8,西武,
48,今井達也,45000000.0,2.3,19.0,10.0,5.0,133.0,0.667,2.0,1.0,0.0,0.0,130.0,8.8,38.0,34.0,87.0,11.0,61.0,8.0,4.13,西武,
54,ティノコ,100000000.0,2.83,38.0,0.0,3.0,35.0,0.0,0.0,0.0,0.0,8.0,29.0,7.46,13.0,11.0,33.0,1.0,20.0,3.0,5.14,西武,
57,黒田将矢,6500000.0,,,,,,,,,,,,,,,,,,,,西武,2103612
59,大曲錬,8000000.0,5.4,10.0,0.0,0.0,10.0,0.0,0.0,0.0,0.0,0.0,5.0,4.5,8.0,6.0,14.0,0.0,8.0,0.0,7.2,西武,
61,平良海馬,170000000.0,2.4,23.0,11.0,7.0,150.0,0.611,0.0,0.0,0.0,0.0,153.0,9.18,47.0,40.0,115.0,10.0,55.0,5.0,3.3,西武,1700124
67,赤上優人,4700000.0,,,,,,,,,,,,,,,,,,,,西武,
69,水上由伸,40000000.0,2.12,23.0,0.0,2.0,17.0,0.0,0.0,0.0,1.0,5.0,13.0,6.88,4.0,4.0,12.0,1.0,14.0,0.0,7.41,西武,
70,豆田泰志,2800000.0,0.59,16.0,0.0,0.0,,0.0,0.0,0.0,1.0,6.0,12.0,7.04,1.0,1.0,8.0,0.0,7.0,1.0,4.11,西武,2000077
75,エンス,170000000.0,5.17,12.0,1.0,10.0,54.0,0.091,0.0,0.0,0.0,0.0,30.0,5.0,37.0,31.0,53.0,6.0,23.0,5.0,3.83,西武,
99,ブルックス・クリスキー,45000000.0,1.93,14.0,0.0,0.0,14.0,0.0,0.0,0.0,7.0,2.0,13.0,8.36,3.0,3.0,6.0,1.0,9.0,0.0,5.79,西武,
111,齊藤大将,5000000.0,,,,,,,,,,,,,,,,,,,,西武,
112,粟津凱士,5300000.0,,,,,,,,,,,,,,,,,,,,西武,
113,伊藤翔,5300000.0,,,,,,,,,,,,,,,,,,,,西武,
114,上間永遠,5000000.0,,,,,,,,,,,,,,,,,,,,西武,1900067
116,ヘレラ,4000000.0,,,,,,,,,,,,,,,,,,,,西武,
120,出井敏博,4000000.0,,,,,,,,,,,,,,,,,,,,西武,
121,三浦大輝,4000000.0,,,,,,,,,,,,,,,,,,,,西武,2107876
128,菅井信也,2800000.0,,,,,,,,,,,,,,,,,,,,西武,2103657
1,松井裕樹,250000000.0,1.57,59.0,2.0,3.0,,0.4,0.0,0.0,39.0,8.0,72.0,11.3,14.0,10.0,38.0,3.0,13.0,0.0,2.04,楽天,
001,佐藤智輝,4600000.0,,,,,,,,,,,,,,,,,,,,楽天,
004,引地秀一郎,4200000.0,,,,,,,,,,,,,,,,,,,,楽天,
007,福森耀真,4200000.0,,,,,,,,,,,,,,,,,,,,楽天,
11,岸孝之,250000000.0,3.07,20.0,9.0,5.0,,0.643,1.0,1.0,0.0,0.0,76.0,5.68,44.0,41.0,123.0,10.0,20.0,3.0,1.5,楽天,700065
13,バニュエロス,100000000.0,81.0,1.0,0.0,0.0,,0.0,0.0,0.0,0.0,0.0,0.0,0.0,6.0,6.0,4.0,0.0,2.0,0.0,27.0,楽天,
14,則本昂大,300000000.0,2.61,24.0,8.0,8.0,155.0,0.5,0.0,0.0,0.0,0.0,111.0,6.45,57.0,45.0,134.0,7.0,44.0,1.0,2.55,楽天,1200117
17,塩見貴洋,27000000.0,9.0,1.0,0.0,1.0,4.0,0.0,0.0,0.0,0.0,0.0,4.0,9.0,4.0,4.0,4.0,2.0,1.0,0.0,2.25,楽天,1000154
017,王彦程,3000000.0,,,,,,,,,,,,,,,,,,,,楽天,
18,田中将大,475000000.0,4.91,24.0,7.0,11.0,,0.389,0.0,0.0,0.0,0.0,81.0,5.23,79.0,76.0,156.0,15.0,38.0,5.0,2.45,楽天,700069
19,荘司康誠,16000000.0,3.36,19.0,5.0,3.0,,0.625,0.0,0.0,0.0,0.0,93.0,7.63,43.0,41.0,90.0,6.0,48.0,5.0,3.94,楽天,2106793
20,安樂智大,37000000.0,3.04,57.0,3.0,2.0,,0.6,0.0,0.0,0.0,10.0,32.0,6.08,16.0,16.0,48.0,2.0,18.0,8.0,3.42,楽天,
21,早川隆久,33000000.0,3.44,17.0,6.0,7.0,,0.462,0.0,0.0,0.0,0.0,78.0,7.26,42.0,37.0,102.0,13.0,27.0,2.0,2.51,楽天,2000121
22,小孫竜二,12000000.0,9.0,4.0,0.0,0.0,4.0,0.0,0.0,0.0,0.0,0.0,3.0,6.75,4.0,4.0,4.0,0.0,6.0,0.0,13.5,楽天,
28,酒居知史,56000000.0,2.98,47.0,5.0,3.0,,0.625,0.0,0.0,1.0,20.0,30.0,6.38,17.0,14.0,36.0,1.0,25.0,0.0,5.31,楽天,1600142
29,高田孝一,10000000.0,1.86,7.0,0.0,0.0,,0.0,0.0,0.0,0.0,0.0,6.0,5.59,4.0,2.0,14.0,0.0,2.0,0.0,1.86,楽天,
31,渡辺翔太,10000000.0,2.4,51.0,8.0,3.0,,0.727,0.0,0.0,1.0,25.0,41.0,7.58,15.0,13.0,30.0,1.0,20.0,2.0,3.7,楽天,2105140
38,弓削隼人,10000000.0,5.59,12.0,0.0,0.0,,0.0,0.0,0.0,0.0,0.0,5.0,4.66,7.0,6.0,12.0,1.0,4.0,2.0,3.72,楽天,
40,内間拓馬,7500000.0,,,,,,,,,,,,,,,,,,,,楽天,
41,伊藤茉央,8200000.0,3.27,25.0,1.0,0.0,22.0,1.0,0.0,0.0,0.0,3.0,9.0,3.68,11.0,8.0,18.0,1.0,14.0,3.0,5.73,楽天,2105038
43,宋家豪,100000000.0,2.89,49.0,2.0,1.0,,0.667,0.0,0.0,0.0,16.0,35.0,6.75,16.0,15.0,41.0,5.0,11.0,0.0,2.12,楽天,1600012
45,松井友飛,7000000.0,3.86,6.0,1.0,2.0,,0.333,0.0,0.0,0.0,0.0,13.0,6.27,9.0,8.0,15.0,0.0,8.0,0.0,3.86,楽天,
46,藤平尚真,10000000.0,4.44,11.0,2.0,4.0,,0.333,0.0,0.0,0.0,0.0,42.0,7.46,30.0,25.0,50.0,5.0,27.0,1.0,4.8,楽天,1600092
47,藤井聖,10500000.0,2.29,10.0,3.0,0.0,,1.0,0.0,0.0,0.0,0.0,24.0,6.11,12.0,9.0,28.0,1.0,18.0,0.0,4.58,楽天,2000123
49,西垣雅矢,9000000.0,81.0,1.0,0.0,0.0,,0.0,0.0,0.0,0.0,0.0,0.0,0.0,3.0,3.0,1.0,0.0,1.0,1.0,27.0,楽天,1750493
52,津留崎大成,9500000.0,1.86,7.0,0.0,0.0,,0.0,0.0,0.0,0.0,0.0,7.0,6.52,2.0,2.0,11.0,1.0,0.0,0.0,0.0,楽天,1900114
53,高田萌生,6000000.0,,,,,,,,,,,,,,,,,,,,楽天,
56,鈴木翔天,10500000.0,3.3,61.0,1.0,1.0,,0.5,0.0,0.0,1.0,22.0,47.0,9.69,18.0,16.0,37.0,5.0,25.0,3.0,5.15,楽天,1800124
57,瀧中瞭太,26000000.0,3.83,8.0,2.0,4.0,,0.333,0.0,0.0,0.0,0.0,18.0,3.83,20.0,18.0,45.0,3.0,11.0,1.0,2.34,楽天,1900117
58,辛島航,80000000.0,4.56,10.0,1.0,5.0,,0.167,0.0,0.0,0.0,0.0,24.0,4.21,27.0,26.0,57.0,7.0,16.0,1.0,2.81,楽天,900090
59,泰勝利,5500000.0,,,,,,,,,,,,,,,,,,,,楽天,2102124
60,石橋良太,14000000.0,18.9,2.0,0.0,0.0,,0.0,0.0,0.0,0.0,0.0,2.0,5.4,7.0,7.0,8.0,1.0,1.0,0.0,2.7,楽天,
62,西口直人,42000000.0,4.56,26.0,0.0,4.0,,0.0,0.0,0.0,0.0,7.0,18.0,6.85,14.0,12.0,32.0,4.0,9.0,0.0,3.42,楽天,1600101
64,林優樹,8000000.0,,,,,,,,,,,,,,,,,,,,楽天,1850300
68,小峯新陸,4700000.0,,,,,,,,,,,,,,,,,,,,楽天,
69,内星龍,5000000.0,2.28,53.0,4.0,2.0,,0.667,0.0,0.0,0.0,7.0,35.0,5.69,17.0,14.0,38.0,5.0,17.0,1.0,2.77,楽天,2000126
71,吉川雄大,7000000.0,,,,,,,,,,,,,,,,,,,,楽天,
72,宮森智志,10000000.0,7.71,24.0,0.0,2.0,21.0,0.0,0.0,0.0,0.0,3.0,15.0,6.43,18.0,18.0,30.0,2.0,14.0,0.0,6.0,楽天,2103955
130,古賀康誠,2300000.0,,,,,,,,,,,,,,,,,,,,楽天,2100392
135,清宮虎多朗,2500000.0,,,,,,,,,,,,,,,,,,,,楽天,1800125
155,竹下瑛広,2500000.0,,,,,,,,,,,,,,,,,,,,楽天,
001,佐藤一磨,2500000.0,,,,,,,,,,,,,,,,,,,,オリックス,1900092
003,中田惟斗,2500000.0,,,,,,,,,,,,,,,,,,,,オリックス,
11,山崎福也,60000000.0,3.25,23.0,11.0,5.0,,0.688,0.0,0.0,0.0,0.0,80.0,5.52,48.0,47.0,127.0,7.0,24.0,5.0,1.66,オリックス,1400195
011,川瀬堅斗,2400000.0,,,,,,,,,,,,,,,,,,,,オリックス,2000102
12,山下舜平大,7000000.0,1.61,16.0,9.0,3.0,95.0,0.75,0.0,0.0,0.0,0.0,101.0,9.57,21.0,17.0,71.0,2.0,30.0,4.0,2.84,オリックス,2000096
012,辻垣高良,2400000.0,,,,,,,,,,,,,,,,,,,,オリックス,
13,宮城大弥,80000000.0,2.27,22.0,10.0,4.0,,0.714,3.0,3.0,0.0,0.0,122.0,7.49,38.0,37.0,107.0,7.0,31.0,5.0,1.9,オリックス,1900087
16,平野佳寿,220000000.0,1.12,42.0,3.0,2.0,40.0,0.6,0.0,0.0,29.0,5.0,24.0,5.4,5.0,5.0,36.0,1.0,13.0,0.0,2.92,オリックス,600066
17,曽谷龍平,16000000.0,3.86,10.0,1.0,2.0,,0.333,0.0,0.0,0.0,0.0,27.0,7.44,16.0,14.0,33.0,0.0,15.0,1.0,4.13,オリックス,1750595
18,山本由伸,650000000.0,1.21,23.0,16.0,6.0,164.0,0.727,2.0,1.0,0.0,0.0,169.0,9.27,27.0,22.0,117.0,2.0,28.0,6.0,1.54,オリックス,
19,山岡泰輔,72000000.0,2.3,31.0,2.0,1.0,94.0,0.667,0.0,0.0,3.0,8.0,97.0,9.29,26.0,24.0,75.0,4.0,33.0,3.0,3.16,オリックス,1600150
20,近藤大亮,42000000.0,5.11,12.0,0.0,1.0,,0.0,0.0,0.0,0.0,0.0,16.0,11.68,7.0,7.0,12.0,1.0,8.0,1.0,5.84,オリックス,
21,竹安大知,21000000.0,10.38,2.0,0.0,2.0,,0.0,0.0,0.0,0.0,0.0,1.0,2.08,5.0,5.0,12.0,0.0,3.0,1.0,6.23,オリックス,
22,村西良太,17000000.0,6.17,7.0,0.0,1.0,,0.0,0.0,0.0,0.0,0.0,6.0,4.63,8.0,8.0,11.0,1.0,5.0,1.0,3.86,オリックス,
26,齋藤響介,5000000.0,0.0,1.0,0.0,0.0,4.0,0.0,0.0,0.0,0.0,0.0,3.0,6.75,0.0,0.0,2.0,0.0,2.0,2.0,4.5,オリックス,2107849
29,田嶋大樹,110000000.0,3.09,13.0,6.0,4.0,,0.6,0.0,0.0,0.0,0.0,64.0,7.05,31.0,28.0,73.0,9.0,18.0,2.0,1.98,オリックス,1700109
30,鈴木康平,17000000.0,,,,,,,,,,,,,,,,,,,,オリックス,
030,西濱勇星,2400000.0,,,,,,,,,,,,,,,,,,,,オリックス,2103814
031,才木海翔,2400000.0,,,,,,,,,,,,,,,,,,,,オリックス,2107872
032,入山海斗,2400000.0,,,,,,,,,,,,,,,,,,,,オリックス,2107693
35,比嘉幹貴,36000000.0,2.25,31.0,2.0,0.0,20.0,1.0,0.0,0.0,0.0,6.0,10.0,4.5,5.0,5.0,21.0,3.0,2.0,2.0,0.9,オリックス,1000010
42,ジャレル・コットン,90000000.0,5.89,7.0,1.0,1.0,,0.5,0.0,0.0,0.0,1.0,22.0,10.8,13.0,12.0,24.0,4.0,4.0,1.0,1.96,オリックス,
43,前佑囲斗,5500000.0,0.0,2.0,0.0,0.0,2.0,0.0,0.0,0.0,0.0,0.0,2.0,9.0,0.0,0.0,1.0,0.0,1.0,0.0,4.5,オリックス,1900090
45,阿部翔太,40000000.0,2.7,49.0,3.0,5.0,,0.375,0.0,0.0,1.0,21.0,42.0,8.1,17.0,14.0,37.0,4.0,12.0,5.0,2.31,オリックス,2000101
46,本田仁海,22000000.0,6.34,28.0,2.0,1.0,,0.667,0.0,0.0,0.0,7.0,34.0,9.37,23.0,23.0,36.0,5.0,12.0,0.0,3.31,オリックス,1700112
47,日高暖己,4500000.0,,,,,,,,,,,,,,,,,,,,オリックス,2106726
48,ジェイコブ・ニックス,20000000.0,10.5,2.0,0.0,1.0,6.0,0.0,0.0,0.0,0.0,0.0,5.0,7.5,7.0,7.0,7.0,2.0,6.0,0.0,9.0,オリックス,
52,横山楓,7500000.0,7.36,4.0,0.0,1.0,,0.0,0.0,0.0,0.0,0.0,3.0,7.36,3.0,3.0,4.0,0.0,4.0,0.0,9.82,オリックス,2103793
54,黒木優太,30000000.0,6.58,12.0,1.0,5.0,26.0,0.167,0.0,0.0,0.0,0.0,20.0,6.92,20.0,19.0,33.0,2.0,16.0,1.0,5.54,オリックス,1600151
56,小木田敦也,10000000.0,2.19,38.0,4.0,0.0,,1.0,0.0,0.0,0.0,7.0,37.0,6.75,16.0,12.0,37.0,4.0,13.0,0.0,2.37,オリックス,1450639
57,山田修義,36000000.0,1.15,32.0,0.0,0.0,,0.0,0.0,0.0,0.0,6.0,29.0,8.33,4.0,4.0,23.0,1.0,10.0,1.0,2.87,オリックス,1000011
58,ジェイコブ・ワゲスパック,130000000.0,5.77,31.0,4.0,7.0,,0.364,0.0,0.0,2.0,4.0,67.0,13.81,30.0,28.0,44.0,4.0,26.0,1.0,5.36,オリックス,
59,小野泰己,5000000.0,6.0,5.0,0.0,0.0,6.0,0.0,0.0,0.0,0.0,0.0,0.0,0.0,4.0,4.0,6.0,0.0,10.0,1.0,15.0,オリックス,
63,山崎颯一郎,23000000.0,2.08,53.0,1.0,1.0,52.0,0.5,0.0,0.0,9.0,27.0,60.0,10.38,12.0,12.0,42.0,3.0,18.0,0.0,3.12,オリックス,1600155
65,漆原大晟,15500000.0,3.0,16.0,0.0,0.0,21.0,0.0,0.0,0.0,0.0,1.0,10.0,4.29,11.0,7.0,23.0,1.0,12.0,3.0,5.14,オリックス,
66,吉田凌,19000000.0,3.24,19.0,0.0,0.0,,0.0,0.0,0.0,0.0,4.0,12.0,6.48,8.0,6.0,16.0,1.0,10.0,1.0,5.4,オリックス,
95,東晃平,8000000.0,2.06,10.0,6.0,0.0,,1.0,0.0,0.0,0.0,0.0,40.0,6.88,14.0,12.0,45.0,2.0,9.0,5.0,1.55,オリックス,1700118
96,宇田川優希,17000000.0,1.77,46.0,4.0,0.0,,1.0,0.0,0.0,2.0,20.0,52.0,10.25,9.0,9.0,22.0,3.0,30.0,2.0,5.91,オリックス,2000104
123,中川颯,6500000.0,,,,,,,,,,,,,,,,,,,,オリックス,2000099
127,椋木蓮,16000000.0,,,,,,,,,,,,,,,,,,,,オリックス,1650221
128,富山凌雅,31500000.0,,,,,,,,,,,,,,,,,,,,オリックス,1800101
