season,game_id,game_date,player_id,player_name_jap,player_jersey_number,position,team_id,batting_G,batting_GS,batting_PA,batting_AB,batting_R,batting_H,batting_2B,batting_3B,batting_HR,batting_RBI,batting_SB,batting_CS,batting_BB,batting_SO,batting_HBP,batting_SH,batting_SF,batting_E,pitcher_order_number,pitching_G,pitching_GS,pitching_W,pitching_L,pitching_ERA,pitching_IP,pitching_IP_str,pitching_CG,pitching_SHO,pitching_SV,pitching_H,pitching_R,pitching_ER,pitching_HR,pitching_IBB,pitching_BB,pitching_SO,pitching_HBP,pitching_BK,pitching_BF,pitching_PI
2025,2021029934,2025-02-24,700069,田中　将大,11,,1,,,,,,,,,,,,,,,,,,,1,1.0,,0,0,0.00,1.0,1.0,,,0,0,0,0,0,,0,0,0,,3,10
2025,2021029934,2025-02-24,800043,丸　佳浩,8,右,1,1.0,1,2,1,0,0,0,0,0,0,0,,1,0,0,0,0,0,,,,,,,,,,,,,,,,,,,,,,
2025,2021029934,2025-02-24,1000176,甲斐　拓也,10,捕,1,1.0,1,2,2,0,0,0,0,0,0,0,,0,1,0,0,0,0,,,,,,,,,,,,,,,,,,,,,,
2025,2021029934,2025-02-24,1400188,中村　奨吾,8,二,9,1.0,1,3,3,1,2,0,0,0,0,0,,0,0,0,0,0,0,,,,,,,,,,,,,,,,,,,,,,
2025,2021029934,2025-02-24,1400190,岩下　大輝,46,,9,,,,,,,,,,,,,,,,,,,4,1.0,0.0,0,0,0.00,1.0,1.0,,,0,0,0,0,0,,0,1,0,,3,17
2025,2021029934,2025-02-24,1450608,八木　彬,33,,9,,,,,,,,,,,,,,,,,,,1,1.0,,0,0,0.00,3.0,3.0,,,0,2,0,0,0,,1,1,0,,12,37
2025,2021029934,2025-02-24,1460080,ポランコ,22,打指,9,1.0,0,2,2,0,1,0,0,0,0,0,,0,0,0,0,0,0,,,,,,,,,,,,,,,,,,,,,,
2025,2021029934,2025-02-24,1500102,愛斗,50,中,9,1.0,0,1,0,0,0,0,0,0,0,0,,0,0,1,0,0,0,,,,,,,,,,,,,,,,,,,,,,
2025,2021029934,2025-02-24,1600059,吉川　尚輝,2,指,1,1.0,1,2,2,0,0,0,0,0,0,0,,0,0,0,0,0,0,,,,,,,,,,,,,,,,,,,,,,
2025,2021029934,2025-02-24,1600108,石垣　雅海,43,走指,9,1.0,0,1,1,0,0,0,0,0,0,0,,0,1,0,0,0,0,,,,,,,,,,,,,,,,,,,,,,
2025,2021029934,2025-02-24,1651302,岡田　悠希,38,左,1,1.0,0,2,2,0,0,0,0,0,0,0,,0,0,0,0,0,0,,,,,,,,,,,,,,,,,,,,,,
2025,2021029934,2025-02-24,1700020,ソト,99,指,9,1.0,1,2,2,0,0,0,0,0,0,0,,0,0,0,0,0,0,,,,,,,,,,,,,,,,,,,,,,
2025,2021029934,2025-02-24,1700027,田中　瑛斗,45,,1,,,,,,,,,,,,,,,,,,,3,1.0,0.0,0,0,0.00,3.0,3.0,,,0,4,0,0,0,,0,2,0,,12,34
2025,2021029934,2025-02-24,1700043,岸田　行倫,27,打指,1,1.0,0,2,2,0,0,0,0,0,0,0,,0,1,0,0,0,0,,,,,,,,,,,,,,,,,,,,,,
2025,2021029934,2025-02-24,1700092,安田　尚憲,5,一,9,1.0,1,3,3,0,0,0,0,0,0,0,,0,0,0,0,0,0,,,,,,,,,,,,,,,,,,,,,,
2025,2021029934,2025-02-24,1700098,和田　康士朗,63,走左中,9,1.0,0,1,0,0,0,0,0,0,1,0,,1,0,0,0,0,0,,,,,,,,,,,,,,,,,,,,,,
2025,2021029934,2025-02-24,1750321,泉口　友汰,35,遊,1,1.0,1,3,2,0,0,0,0,0,0,0,,1,0,0,0,0,0,,,,,,,,,,,,,,,,,,,,,,
2025,2021029934,2025-02-24,1800051,東妻　勇輔,24,,9,,,,,,,,,,,,,,,,,,,2,1.0,0.0,0,0,9.00,1.0,1.0,,,0,3,1,1,0,,1,1,0,,6,26
2025,2021029934,2025-02-24,1800053,山口　航輝,51,左,9,1.0,1,3,3,0,1,0,0,0,0,0,,0,1,0,0,0,0,,,,,,,,,,,,,,,,,,,,,,
2025,2021029934,2025-02-24,1800054,中村　稔弥,48,,9,,,,,,,,,,,,,,,,,,,3,1.0,0.0,0,0,0.00,1.0,1.0,,,0,0,0,0,0,,0,1,0,,3,8
2025,2021029934,2025-02-24,1800111,泉　圭輔,63,,1,,,,,,,,,,,,,,,,,,,5,1.0,0.0,0,0,0.00,1.0,1.0,,,0,0,0,0,0,,1,1,0,,4,19
2025,2021029934,2025-02-24,1850947,上田　希由翔,10,三,9,1.0,1,4,4,0,2,1,0,0,0,0,,0,1,0,0,0,1,,,,,,,,,,,,,,,,,,,,,,
2025,2021029934,2025-02-24,1900019,井上　温大,97,,1,,,,,,,,,,,,,,,,,,,2,1.0,0.0,0,0,0.00,2.0,2.0,,,0,3,1,0,0,,0,0,0,,9,32
2025,2021029934,2025-02-24,1900020,山瀬　慎之助,67,捕,1,1.0,0,2,2,0,0,0,0,0,0,0,,0,0,0,0,0,0,,,,,,,,,,,,,,,,,,,,,,
2025,2021029934,2025-02-24,1900082,高部　瑛斗,38,中,9,1.0,1,3,3,0,0,0,0,0,0,0,,0,0,0,0,0,0,,,,,,,,,,,,,,,,,,,,,,
2025,2021029934,2025-02-24,1961425,ヘルナンデス,42,中,1,1.0,1,2,2,0,1,0,0,0,0,0,,0,1,0,0,0,0,,,,,,,,,,,,,,,,,,,,,,
2025,2021029934,2025-02-24,2000005,平内　龍太,66,,1,,,,,,,,,,,,,,,,,,,4,1.0,0.0,0,1,4.50,2.0,2.0,,,0,1,1,1,0,,2,2,1,,10,34
2025,2021029934,2025-02-24,2000007,中山　礼都,40,二,1,1.0,1,3,3,0,1,0,0,0,0,0,,0,0,0,0,0,0,,,,,,,,,,,,,,,,,,,,,,
2025,2021029934,2025-02-24,2000009,秋広　優人,55,左一,1,1.0,1,4,4,0,1,0,0,0,1,0,,0,2,0,0,0,0,,,,,,,,,,,,,,,,,,,,,,
2025,2021029934,2025-02-24,2000089,小川　龍成,57,遊,9,1.0,0,1,1,0,0,0,0,0,0,0,,0,0,0,0,0,0,,,,,,,,,,,,,,,,,,,,,,
2025,2021029934,2025-02-24,2000090,河村　説人,58,,9,,,,,,,,,,,,,,,,,,,5,1.0,0.0,1,0,0.00,3.0,3.0,,,0,1,0,0,0,,0,2,0,,11,38
2025,2021029934,2025-02-24,2000094,山本　大斗,61,右左,9,1.0,1,4,3,0,0,0,0,0,0,0,,1,1,0,0,0,0,,,,,,,,,,,,,,,,,,,,,,
2025,2021029934,2025-02-24,2100346,松川　虎生,2,捕,9,1.0,1,3,3,0,1,0,0,0,0,0,,0,0,0,0,0,0,,,,,,,,,,,,,,,,,,,,,,
2025,2021029934,2025-02-24,2102410,浅野　翔吾,51,右,1,1.0,0,2,2,0,0,0,0,0,0,0,,0,0,0,0,0,0,,,,,,,,,,,,,,,,,,,,,,
2025,2021029934,2025-02-24,2102926,寺地　隆成,65,捕,9,1.0,0,1,0,0,0,0,0,0,0,0,,1,0,0,0,0,0,,,,,,,,,,,,,,,,,,,,,,
2025,2021029934,2025-02-24,2103693,池田　来翔,0,一,9,1.0,0,1,1,0,0,0,0,0,0,0,,0,0,0,0,0,0,,,,,,,,,,,,,,,,,,,,,,
2025,2021029934,2025-02-24,2105013,萩尾　匡也,12,打,1,1.0,0,1,1,0,1,0,0,0,0,0,,0,0,0,0,0,0,,,,,,,,,,,,,,,,,,,,,,
2025,2021029934,2025-02-24,2106178,佐々木　俊輔,44,中,1,1.0,0,2,2,0,0,0,0,0,0,0,,0,0,0,0,0,0,,,,,,,,,,,,,,,,,,,,,,
2025,2021029934,2025-02-24,2106798,友杉　篤輝,4,遊,9,1.0,1,2,2,0,1,0,0,0,0,0,,0,0,0,0,0,0,,,,,,,,,,,,,,,,,,,,,,
2025,2021029934,2025-02-24,2107874,門脇　誠,5,打,1,1.0,0,1,1,0,0,0,0,0,0,0,,0,0,0,0,0,0,,,,,,,,,,,,,,,,,,,,,,
2025,2021029934,2025-02-24,2108523,荒巻　悠,60,三,1,1.0,1,3,3,0,0,0,0,0,0,0,,0,1,0,0,0,1,,,,,,,,,,,,,,,,,,,,,,
2025,2021029934,2025-02-24,2117855,宮崎　竜成,44,打二,9,1.0,0,2,2,0,0,0,0,0,0,0,,0,1,0,0,0,0,,,,,,,,,,,,,,,,,,,,,,
2025,2021029934,2025-02-24,2117859,立松　由宇,49,走右,9,1.0,0,1,1,1,0,0,0,0,0,0,,0,0,0,0,0,0,,,,,,,,,,,,,,,,,,,,,,
2025,2021029934,2025-02-24,2118420,キャベッジ,13,一,1,1.0,1,2,2,1,2,2,0,0,0,0,,0,0,0,0,0,1,,,,,,,,,,,,,,,,,,,,,,
2025,2021029931,2025-02-23,500014,涌井　秀章,20,,4,,,,,,,,,,,,,,,,,,,1,1.0,,0,0,18.00,2.0,2.0,,,0,6,4,4,1,,0,0,0,,11,44
2025,2021029931,2025-02-23,900426,原口　文仁,94,一,5,1.0,1,5,5,1,3,0,0,0,1,0,,0,1,0,0,0,0,,,,,,,,,,,,,,,,,,,,,,
2025,2021029931,2025-02-23,1000164,島本　浩也,46,,5,,,,,,,,,,,,,,,,,,,4,1.0,0.0,0,0,0.00,1.0,1.0,,,0,0,0,0,0,,0,0,0,,3,11
2025,2021029931,2025-02-23,1300079,上林　誠知,51,左,4,1.0,0,3,3,0,2,0,0,0,0,0,,0,1,0,0,0,0,,,,,,,,,,,,,,,,,,,,,,
2025,2021029931,2025-02-23,1400172,植田　海,62,走中,5,1.0,0,0,0,1,0,0,0,0,0,0,,0,0,0,0,0,0,,,,,,,,,,,,,,,,,,,,,,
2025,2021029931,2025-02-23,1450841,豊田　寛,61,右,5,1.0,1,5,4,2,2,1,0,0,1,0,,0,0,0,0,1,0,,,,,,,,,,,,,,,,,,,,,,
2025,2021029931,2025-02-23,1500049,宇佐見　真吾,39,捕,4,1.0,0,2,2,0,0,0,0,0,0,0,,0,0,0,0,0,0,,,,,,,,,,,,,,,,,,,,,,
2025,2021029931,2025-02-23,1500091,板山　祐太郎,63,一,4,1.0,1,2,2,1,1,0,0,0,0,0,,0,0,0,0,0,0,,,,,,,,,,,,,,,,,,,,,,
2025,2021029931,2025-02-23,1560639,カリステ,4,左,4,1.0,1,2,2,1,1,0,0,0,0,0,,0,0,0,0,0,0,,,,,,,,,,,,,,,,,,,,,,
2025,2021029931,2025-02-23,1600085,細川　成也,55,右,4,1.0,1,3,3,0,0,0,0,0,0,0,,0,1,0,0,0,0,,,,,,,,,,,,,,,,,,,,,,
2025,2021029931,2025-02-23,1600115,才木　浩人,35,,5,,,,,,,,,,,,,,,,,,,1,1.0,,0,0,18.00,2.0,2.0,,,0,4,4,4,1,,1,1,0,,11,36
2025,2021029931,2025-02-23,1700080,島田　海吏,53,走指,5,1.0,0,1,1,1,1,0,0,0,0,0,,0,0,0,0,0,0,,,,,,,,,,,,,,,,,,,,,,
2025,2021029931,2025-02-23,1800062,石橋　康太,58,打指,4,1.0,0,2,2,0,1,0,0,0,0,0,,0,0,0,0,0,0,,,,,,,,,,,,,,,,,,,,,,
2025,2021029931,2025-02-23,1800066,小幡　竜平,38,遊,5,1.0,1,5,3,0,2,0,0,0,0,0,,1,0,0,1,0,0,,,,,,,,,,,,,,,,,,,,,,
2025,2021029931,2025-02-23,1850183,森下　翔太,1,指,5,1.0,1,2,2,1,1,0,0,1,3,0,,0,0,0,0,0,0,,,,,,,,,,,,,,,,,,,,,,
2025,2021029931,2025-02-23,1850874,津田　啓史,27,三一,4,1.0,0,2,2,0,0,0,0,0,1,0,,0,0,0,0,0,0,,,,,,,,,,,,,,,,,,,,,,
2025,2021029931,2025-02-23,1900037,石川　昂弥,25,三一,4,1.0,1,4,4,0,0,0,0,0,0,0,,0,1,0,0,0,0,,,,,,,,,,,,,,,,,,,,,,
2025,2021029931,2025-02-23,1900038,橋本　侑樹,13,,4,,,,,,,,,,,,,,,,,,,5,1.0,0.0,0,0,18.00,1.0,1.0,,,0,3,2,2,0,,1,0,0,,7,28
2025,2021029931,2025-02-23,1900041,岡林　勇希,1,中,4,1.0,1,3,3,0,1,1,0,0,1,0,,0,0,0,0,0,0,,,,,,,,,,,,,,,,,,,,,,
2025,2021029931,2025-02-23,1900048,藤田　健斗,59,捕,5,1.0,0,2,1,0,1,0,0,0,0,0,,1,0,0,0,0,0,,,,,,,,,,,,,,,,,,,,,,
2025,2021029931,2025-02-23,1950996,前川　右京,58,左,5,1.0,1,4,4,0,1,1,0,0,0,0,,0,2,0,0,0,0,,,,,,,,,,,,,,,,,,,,,,
2025,2021029931,2025-02-23,1960901,デュプランティエ,20,,5,,,,,,,,,,,,,,,,,,,3,1.0,0.0,0,0,0.00,1.0,1.0,,,0,1,0,0,0,,0,1,0,,4,15
2025,2021029931,2025-02-23,1961300,ボスラー,24,指,4,1.0,1,2,2,1,1,0,0,1,3,0,,0,0,0,0,0,0,,,,,,,,,,,,,,,,,,,,,,
2025,2021029931,2025-02-23,2000042,高橋　宏斗,19,,4,,,,,,,,,,,,,,,,,,,2,1.0,0.0,0,0,0.00,2.0,2.0,,,0,1,0,0,0,,0,2,0,,7,31
2025,2021029931,2025-02-23,2000044,土田　龍空,45,遊,4,1.0,1,4,4,0,0,0,0,0,0,0,,0,1,0,0,0,0,,,,,,,,,,,,,,,,,,,,,,
2025,2021029931,2025-02-23,2000051,佐藤　輝明,8,三,5,1.0,1,3,3,2,2,1,0,0,0,0,,0,0,0,0,0,0,,,,,,,,,,,,,,,,,,,,,,
2025,2021029931,2025-02-23,2000052,伊藤　将司,27,,5,,,,,,,,,,,,,,,,,,,5,1.0,0.0,0,0,6.00,3.0,3.0,,,1,6,2,2,0,,1,1,0,,15,55
2025,2021029931,2025-02-23,2000054,榮枝　裕貴,39,捕,5,1.0,1,3,3,0,1,0,0,0,0,0,,0,0,0,0,0,0,,,,,,,,,,,,,,,,,,,,,,
2025,2021029931,2025-02-23,2000056,中野　拓夢,51,二,5,1.0,1,3,2,1,1,0,0,0,0,0,,1,0,0,0,0,0,,,,,,,,,,,,,,,,,,,,,,
2025,2021029931,2025-02-23,2000057,高寺　望夢,67,中一,5,1.0,1,6,6,0,2,0,0,0,2,0,,0,0,0,0,0,0,,,,,,,,,,,,,,,,,,,,,,
2025,2021029931,2025-02-23,2100915,ビーズリー,99,,5,,,,,,,,,,,,,,,,,,,2,1.0,0.0,1,0,0.00,2.0,2.0,,,0,1,0,0,0,,0,2,0,,7,31
2025,2021029931,2025-02-23,2103780,福永　裕基,7,二,4,1.0,1,3,2,1,2,0,0,0,0,1,,1,0,0,0,0,0,,,,,,,,,,,,,,,,,,,,,,
2025,2021029931,2025-02-23,2103944,濱　将乃介,37,中,4,1.0,0,2,2,1,1,0,0,0,0,0,,0,0,0,0,0,0,,,,,,,,,,,,,,,,,,,,,,
2025,2021029931,2025-02-23,2103947,樋口　正修,97,三,4,1.0,0,1,1,0,0,0,0,0,0,0,,0,0,0,0,0,0,,,,,,,,,,,,,,,,,,,,,,
2025,2021029931,2025-02-23,2104274,山田　脩也,52,二,5,1.0,0,2,2,0,0,0,0,0,0,0,,0,2,0,0,0,1,,,,,,,,,,,,,,,,,,,,,,
2025,2021029931,2025-02-23,2104632,百崎　蒼生,56,三,5,1.0,0,2,2,0,0,0,0,0,0,0,,0,1,0,0,0,0,,,,,,,,,,,,,,,,,,,,,,
2025,2021029931,2025-02-23,2104697,井坪　陽生,40,左,5,1.0,0,1,0,0,0,0,0,0,0,0,,0,0,0,1,0,0,,,,,,,,,,,,,,,,,,,,,,
2025,2021029931,2025-02-23,2105038,伊藤　茉央,32,,4,,,,,,,,,,,,,,,,,,,4,1.0,0.0,0,0,9.00,1.0,1.0,,,0,2,1,1,0,,1,2,0,,6,28
2025,2021029931,2025-02-23,2105102,石伊　雄太,9,捕,4,1.0,1,2,1,0,0,0,0,0,0,0,,0,1,0,1,0,0,,,,,,,,,,,,,,,,,,,,,,
2025,2021029931,2025-02-23,2105174,辻本　倫太郎,0,二,4,1.0,0,2,2,0,2,1,0,0,1,0,,0,0,0,0,0,0,,,,,,,,,,,,,,,,,,,,,,
2025,2021029931,2025-02-23,2105295,吉田　聖弥,47,,4,,,,,,,,,,,,,,,,,,,3,1.0,0.0,0,1,6.00,3.0,3.0,,,0,6,2,2,0,,1,2,0,,15,59
2025,2021029931,2025-02-23,2107645,尾田　剛樹,0,右,4,1.0,0,1,0,1,0,0,0,0,0,0,,1,0,0,0,0,0,,,,,,,,,,,,,,,,,,,,,,
2025,2021029931,2025-02-23,2114815,ヘルナンデス,95,打指,5,1.0,0,2,2,0,1,0,0,0,0,0,,0,0,0,0,0,0,,,,,,,,,,,,,,,,,,,,,,
2025,2021029930,2025-02-23,800043,丸　佳浩,8,指,1,1.0,1,2,2,0,1,0,0,0,0,0,,0,1,0,0,0,0,,,,,,,,,,,,,,,,,,,,,,
2025,2021029930,2025-02-23,900430,堂林　翔太,7,左,6,1.0,1,2,2,2,2,0,0,0,1,0,,0,0,0,0,0,0,,,,,,,,,,,,,,,,,,,,,,
2025,2021029930,2025-02-23,1450689,船迫　大雅,58,,1,,,,,,,,,,,,,,,,,,,3,1.0,0.0,0,0,0.00,1.0,1.0,,,0,0,0,0,0,,0,1,0,,3,12
2025,2021029930,2025-02-23,1550972,中村　健人,50,右,6,1.0,0,1,1,0,0,0,0,0,0,0,,0,0,0,0,0,0,,,,,,,,,,,,,,,,,,,,,,
2025,2021029930,2025-02-23,1600001,オコエ　瑠偉,50,中,1,1.0,0,2,2,0,0,0,0,0,0,0,,0,0,0,0,0,0,,,,,,,,,,,,,,,,,,,,,,
2025,2021029930,2025-02-23,1600059,吉川　尚輝,2,二,1,1.0,1,2,2,0,1,0,0,0,0,0,,0,0,0,0,0,0,,,,,,,,,,,,,,,,,,,,,,
2025,2021029930,2025-02-23,1600124,坂倉　将吾,31,捕,6,1.0,1,2,2,1,1,1,0,0,0,0,,0,1,0,0,0,0,,,,,,,,,,,,,,,,,,,,,,
2025,2021029930,2025-02-23,1651302,岡田　悠希,38,打指,1,1.0,0,2,2,0,0,0,0,0,0,0,,0,0,0,0,0,0,,,,,,,,,,,,,,,,,,,,,,
2025,2021029930,2025-02-23,1700043,岸田　行倫,27,捕,1,1.0,1,3,2,1,1,0,0,0,0,0,,1,0,0,0,0,1,,,,,,,,,,,,,,,,,,,,,,
2025,2021029930,2025-02-23,1700116,山足　達也,69,一,6,1.0,0,1,0,0,0,0,0,0,0,0,,1,0,0,0,0,0,,,,,,,,,,,,,,,,,,,,,,
2025,2021029930,2025-02-23,1750321,泉口　友汰,35,二,1,1.0,0,2,2,0,0,0,0,0,0,0,,0,1,0,0,0,0,,,,,,,,,,,,,,,,,,,,,,
2025,2021029930,2025-02-23,1800072,小園　海斗,5,二,6,1.0,1,5,4,0,0,0,0,0,1,0,,1,1,0,0,0,0,,,,,,,,,,,,,,,,,,,,,,
2025,2021029930,2025-02-23,1800074,林　晃汰,44,左,6,1.0,0,2,2,0,1,0,0,0,0,0,,0,0,0,0,0,0,,,,,,,,,,,,,,,,,,,,,,
2025,2021029930,2025-02-23,1850035,西舘　勇陽,17,,1,,,,,,,,,,,,,,,,,,,2,1.0,0.0,0,1,15.00,3.0,3.0,,,0,6,5,5,0,,1,4,1,,17,67
2025,2021029930,2025-02-23,1900016,堀田　賢慎,91,,1,,,,,,,,,,,,,,,,,,,4,1.0,0.0,0,0,3.00,3.0,3.0,,,0,3,2,1,0,,3,3,0,,14,52
2025,2021029930,2025-02-23,1900020,山瀬　慎之助,67,捕,1,1.0,0,0,0,0,0,0,0,0,0,0,,0,0,0,0,0,0,,,,,,,,,,,,,,,,,,,,,,
2025,2021029930,2025-02-23,1900057,玉村　昇悟,65,,6,,,,,,,,,,,,,,,,,,,3,1.0,0.0,0,0,0.00,2.0,2.0,,,0,0,0,0,0,,0,1,0,,6,20
2025,2021029930,2025-02-23,1900058,持丸　泰輝,57,捕,6,1.0,0,2,2,1,1,0,0,0,0,0,,0,0,0,0,0,0,,,,,,,,,,,,,,,,,,,,,,
2025,2021029930,2025-02-23,1961407,グリフィン,29,,1,,,,,,,,,,,,,,,,,,,1,1.0,,0,0,0.00,1.0,1.0,,,0,0,0,0,0,,0,1,0,,3,10
2025,2021029930,2025-02-23,1961425,ヘルナンデス,42,中,1,1.0,1,3,3,0,0,0,0,0,0,0,,0,1,0,0,0,0,,,,,,,,,,,,,,,,,,,,,,
2025,2021029930,2025-02-23,1961927,モンテロ,95,一,6,1.0,1,3,2,1,1,1,0,0,0,0,,1,1,0,0,0,0,,,,,,,,,,,,,,,,,,,,,,
2025,2021029930,2025-02-23,2000007,中山　礼都,40,三,1,1.0,1,4,4,1,2,0,0,0,0,0,,0,0,0,0,0,0,,,,,,,,,,,,,,,,,,,,,,
2025,2021029930,2025-02-23,2000009,秋広　優人,55,打左,1,1.0,0,1,1,0,0,0,0,0,0,0,,0,0,0,0,0,0,,,,,,,,,,,,,,,,,,,,,,
2025,2021029930,2025-02-23,2000040,石川　達也,65,,1,,,,,,,,,,,,,,,,,,,5,1.0,0.0,0,0,0.00,1.0,1.0,,,0,0,0,0,0,,0,1,0,,3,11
2025,2021029930,2025-02-23,2000065,矢野　雅哉,4,遊,6,1.0,1,5,3,0,0,0,0,0,0,0,,1,1,1,0,0,0,,,,,,,,,,,,,,,,,,,,,,
2025,2021029930,2025-02-23,2000066,二俣　翔一,99,三中,6,1.0,1,5,5,0,1,0,0,0,1,0,,0,2,0,0,0,0,,,,,,,,,,,,,,,,,,,,,,
2025,2021029930,2025-02-23,2102410,浅野　翔吾,51,左,1,1.0,1,4,4,0,2,0,0,0,0,0,,0,1,0,0,0,0,,,,,,,,,,,,,,,,,,,,,,
2025,2021029930,2025-02-23,2103768,末包　昇大,52,右,6,1.0,1,3,3,1,2,1,0,0,2,0,,0,0,0,0,0,0,,,,,,,,,,,,,,,,,,,,,,
2025,2021029930,2025-02-23,2103788,森　翔平,16,,6,,,,,,,,,,,,,,,,,,,1,1.0,,1,0,0.00,3.0,3.0,,,0,4,0,0,0,,1,2,0,,14,50
2025,2021029930,2025-02-23,2105013,萩尾　匡也,12,右,1,1.0,1,4,4,0,0,0,0,0,0,0,,0,1,0,0,0,0,,,,,,,,,,,,,,,,,,,,,,
2025,2021029930,2025-02-23,2106178,佐々木　俊輔,44,打指,1,1.0,0,1,1,0,0,0,0,0,0,0,,0,0,0,0,0,0,,,,,,,,,,,,,,,,,,,,,,
2025,2021029930,2025-02-23,2107847,斉藤　優汰,47,,6,,,,,,,,,,,,,,,,,,,2,1.0,0.0,0,0,9.00,2.0,2.0,,,0,4,2,2,0,,1,1,0,,11,39
2025,2021029930,2025-02-23,2107865,内田　湘大,63,三,6,1.0,0,2,2,1,0,0,0,0,0,0,,0,1,0,0,0,0,,,,,,,,,,,,,,,,,,,,,,
2025,2021029930,2025-02-23,2107874,門脇　誠,5,遊,1,1.0,1,4,3,0,2,0,0,0,0,0,,1,0,0,0,0,0,,,,,,,,,,,,,,,,,,,,,,
2025,2021029930,2025-02-23,2108424,仲田　侑仁,58,指,6,1.0,1,4,4,0,0,0,0,0,0,0,,0,2,0,0,0,0,,,,,,,,,,,,,,,,,,,,,,
2025,2021029930,2025-02-23,2108523,荒巻　悠,60,一,1,1.0,0,2,2,0,1,0,0,0,0,0,,0,0,0,0,0,0,,,,,,,,,,,,,,,,,,,,,,
2025,2021029930,2025-02-23,2110107,滝田　一希,30,,6,,,,,,,,,,,,,,,,,,,5,1.0,0.0,0,0,0.00,1.0,1.0,,,0,1,0,0,0,,0,0,0,,4,17
2025,2021029930,2025-02-23,2114807,岡本　駿,53,,6,,,,,,,,,,,,,,,,,,,4,1.0,0.0,0,0,0.00,1.0,1.0,,,0,1,0,0,0,,0,1,0,,3,13
2025,2021029930,2025-02-23,2114882,ファビアン,61,中,6,1.0,1,3,3,0,0,0,0,0,0,0,,0,1,0,0,0,0,,,,,,,,,,,,,,,,,,,,,,
2025,2021029930,2025-02-23,2118420,キャベッジ,13,一,1,1.0,1,2,2,0,0,0,0,0,0,0,,0,0,0,0,0,0,,,,,,,,,,,,,,,,,,,,,,
2025,2021029929,2025-02-23,800052,宮西　尚生,25,,8,,,,,,,,,,,,,,,,,,,4,1.0,0.0,0,0,0.00,1.0,1.0,,,0,0,0,0,0,,0,2,0,,3,11
2025,2021029929,2025-02-23,1100095,松本　剛,7,中,8,1.0,1,4,4,0,1,0,0,0,0,1,,0,0,0,0,0,0,,,,,,,,,,,,,,,,,,,,,,
2025,2021029929,2025-02-23,1100103,鈴木　大地,7,指,376,1.0,1,3,3,0,0,0,0,0,0,0,,0,0,0,0,0,0,,,,,,,,,,,,,,,,,,,,,,
2025,2021029929,2025-02-23,1300076,加治屋　蓮,41,,376,,,,,,,,,,,,,,,,,,,5,1.0,0.0,0,0,0.00,1.0,1.0,,,0,0,0,0,0,,0,2,0,,3,13
2025,2021029929,2025-02-23,1300092,今野　龍太,66,,376,,,,,,,,,,,,,,,,,,,3,1.0,0.0,0,0,4.50,2.0,2.0,,,0,3,1,1,0,,0,2,0,,9,40
2025,2021029929,2025-02-23,1300094,杉浦　稔大,22,,8,,,,,,,,,,,,,,,,,,,5,1.0,0.0,0,0,0.00,1.0,1.0,,,0,0,0,0,0,,0,1,0,,3,7
2025,2021029929,2025-02-23,1400118,清水　優心,10,捕,8,1.0,0,2,2,0,1,0,0,0,0,0,,0,1,0,0,0,0,,,,,,,,,,,,,,,,,,,,,,
2025,2021029929,2025-02-23,1400195,山崎　福也,18,,8,,,,,,,,,,,,,,,,,,,1,1.0,,1,0,0.00,2.0,2.0,,,0,0,0,0,0,,0,0,0,,6,25
2025,2021029929,2025-02-23,1460250,フランコ,23,三,376,1.0,1,3,3,0,0,0,0,0,0,0,,0,1,0,0,0,0,,,,,,,,,,,,,,,,,,,,,,
2025,2021029929,2025-02-23,1560685,ターリー,20,,376,,,,,,,,,,,,,,,,,,,2,1.0,0.0,0,0,0.00,1.0,1.0,,,0,1,0,0,0,,0,1,1,,5,17
2025,2021029929,2025-02-23,1600007,村林　一輝,6,二,376,1.0,1,3,3,0,0,0,0,0,0,0,,0,2,0,0,0,0,,,,,,,,,,,,,,,,,,,,,,
2025,2021029929,2025-02-23,1600099,石原　彪,70,捕,376,1.0,0,1,1,0,0,0,0,0,0,0,,0,1,0,0,0,0,,,,,,,,,,,,,,,,,,,,,,
2025,2021029929,2025-02-23,1600101,西口　直人,62,,376,,,,,,,,,,,,,,,,,,,6,1.0,0.0,0,0,0.00,1.0,1.0,,,0,1,0,0,0,,0,2,0,,4,17
2025,2021029929,2025-02-23,1700047,若林　晃弘,49,打一,8,1.0,0,1,1,0,1,0,0,0,0,0,,0,0,0,0,0,0,,,,,,,,,,,,,,,,,,,,,,
2025,2021029929,2025-02-23,1750493,西垣　雅矢,49,,376,,,,,,,,,,,,,,,,,,,4,1.0,0.0,0,0,0.00,1.0,1.0,,,0,2,0,0,0,,0,1,0,,5,15
2025,2021029929,2025-02-23,1750903,北山　亘基,57,,8,,,,,,,,,,,,,,,,,,,2,1.0,0.0,0,0,0.00,2.0,2.0,,,0,1,0,0,0,,0,4,0,,7,30
2025,2021029929,2025-02-23,1800044,伊藤　裕季也,39,一,376,1.0,1,3,3,0,1,0,0,0,0,0,,0,0,0,0,0,0,,,,,,,,,,,,,,,,,,,,,,
2025,2021029929,2025-02-23,1800068,齋藤　友貴哉,48,,8,,,,,,,,,,,,,,,,,,,6,1.0,0.0,0,0,0.00,1.0,1.0,,,0,1,0,0,0,,2,1,0,,5,23
2025,2021029929,2025-02-23,1800091,野村　佑希,5,一,8,1.0,1,3,3,1,1,0,0,0,0,0,,0,2,0,0,0,0,,,,,,,,,,,,,,,,,,,,,,
2025,2021029929,2025-02-23,1800117,辰己　涼介,8,中,376,1.0,1,4,4,0,1,0,0,0,0,0,,0,2,0,0,0,0,,,,,,,,,,,,,,,,,,,,,,
2025,2021029929,2025-02-23,1800118,太田　光,2,捕,376,1.0,1,2,2,0,0,0,0,0,0,0,,0,1,0,0,0,0,,,,,,,,,,,,,,,,,,,,,,
2025,2021029929,2025-02-23,1800122,渡邊　佳明,48,打,376,1.0,0,1,1,0,1,0,0,0,0,0,,0,0,0,0,0,0,,,,,,,,,,,,,,,,,,,,,,
2025,2021029929,2025-02-23,1800123,小郷　裕哉,51,右,376,1.0,1,4,3,0,0,0,0,0,0,0,,1,1,0,0,0,0,,,,,,,,,,,,,,,,,,,,,,
2025,2021029929,2025-02-23,1850932,奈良間　大己,58,二,8,1.0,1,3,3,0,1,0,0,0,1,0,,0,0,0,0,0,0,,,,,,,,,,,,,,,,,,,,,,
2025,2021029929,2025-02-23,1851157,宗山　塁,1,遊,376,1.0,1,4,3,0,0,0,0,0,0,0,,1,1,0,0,0,0,,,,,,,,,,,,,,,,,,,,,,
2025,2021029929,2025-02-23,1860140,レイエス,99,指,8,1.0,1,3,3,0,1,0,0,0,0,0,,0,2,0,0,0,0,,,,,,,,,,,,,,,,,,,,,,
2025,2021029929,2025-02-23,1900040,郡司　裕也,30,捕,8,1.0,1,2,2,1,1,0,0,0,0,0,,0,0,0,0,0,0,,,,,,,,,,,,,,,,,,,,,,
2025,2021029929,2025-02-23,1900112,小深田　大翔,0,打,376,1.0,0,1,1,0,1,1,0,0,0,0,,0,0,0,0,0,0,,,,,,,,,,,,,,,,,,,,,,
2025,2021029929,2025-02-23,1900129,バーヘイゲン,45,,8,,,,,,,,,,,,,,,,,,,3,1.0,0.0,0,0,0.00,1.0,1.0,,,0,0,0,0,0,,0,1,0,,3,10
2025,2021029929,2025-02-23,1950205,吉納　翼,36,左,376,1.0,1,3,2,0,0,0,0,0,0,0,,1,1,0,0,0,0,,,,,,,,,,,,,,,,,,,,,,
2025,2021029929,2025-02-23,1950278,中島　大輔,32,走左,376,1.0,0,0,0,0,0,0,0,0,0,0,,0,0,0,0,0,0,,,,,,,,,,,,,,,,,,,,,,
2025,2021029929,2025-02-23,2000080,五十幡　亮汰,50,打指,8,1.0,0,1,1,0,0,0,0,0,0,0,,0,1,0,0,0,0,,,,,,,,,,,,,,,,,,,,,,
2025,2021029929,2025-02-23,2000084,今川　優馬,61,右,8,1.0,1,4,4,0,1,1,0,0,1,0,,0,1,0,0,0,0,,,,,,,,,,,,,,,,,,,,,,
2025,2021029929,2025-02-23,2000123,藤井　聖,47,,376,,,,,,,,,,,,,,,,,,,1,1.0,,0,1,4.50,2.0,2.0,,,0,2,1,1,0,,0,2,0,,8,37
2025,2021029929,2025-02-23,2000125,入江　大樹,63,三一,376,1.0,0,0,0,0,0,0,0,0,0,0,,0,0,0,0,0,0,,,,,,,,,,,,,,,,,,,,,,
2025,2021029929,2025-02-23,2103614,小森　航大郎,73,走三,376,1.0,0,0,0,0,0,0,0,0,0,0,,0,0,0,0,0,0,,,,,,,,,,,,,,,,,,,,,,
2025,2021029929,2025-02-23,2106284,矢澤　宏太,12,左,8,1.0,1,4,3,0,0,0,0,0,0,0,,0,1,1,0,0,0,,,,,,,,,,,,,,,,,,,,,,
2025,2021029929,2025-02-23,2108188,ザバラ,42,,8,,,,,,,,,,,,,,,,,,,7,1.0,0.0,0,0,0.00,1.0,1.0,,,1,2,0,0,0,,1,1,0,,5,17
2025,2021029929,2025-02-23,2112003,明瀬　諒介,65,三,8,1.0,1,4,4,0,1,1,0,0,0,0,,0,2,0,0,0,0,,,,,,,,,,,,,,,,,,,,,,
2025,2021029929,2025-02-23,2114529,山縣　秀,54,遊,8,1.0,1,3,3,0,0,0,0,0,0,0,,0,0,0,0,0,0,,,,,,,,,,,,,,,,,,,,,,
2025,2021029926,2025-02-22,1000176,甲斐　拓也,10,捕,1,1.0,1,2,2,0,0,0,0,0,0,0,,0,1,0,0,0,0,,,,,,,,,,,,,,,,,,,,,,
2025,2021029926,2025-02-22,1100061,桑原　将志,1,左,3,1.0,0,3,3,0,1,0,0,0,2,0,,0,0,0,0,0,0,,,,,,,,,,,,,,,,,,,,,,
2025,2021029926,2025-02-22,1300077,森　唯斗,38,,3,,,,,,,,,,,,,,,,,,,3,1.0,0.0,0,0,0.00,2.0,2.0,,,0,0,0,0,0,,0,0,0,,6,20
2025,2021029926,2025-02-22,1400129,笠谷　俊介,199,,3,,,,,,,,,,,,,,,,,,,5,1.0,0.0,0,1,36.00,1.0,1.0,,,0,4,4,4,1,,0,1,1,,8,37
2025,2021029926,2025-02-22,1500063,柴田　竜拓,31,二,3,1.0,0,2,2,0,1,0,0,0,0,0,,0,0,0,0,0,0,,,,,,,,,,,,,,,,,,,,,,
2025,2021029926,2025-02-22,1600001,オコエ　瑠偉,50,指,1,1.0,1,4,3,0,1,1,0,0,0,0,,1,0,0,0,0,0,,,,,,,,,,,,,,,,,,,,,,
2025,2021029926,2025-02-22,1600089,佐野　恵太,7,左,3,1.0,1,2,2,0,2,1,0,0,1,0,,0,0,0,0,0,0,,,,,,,,,,,,,,,,,,,,,,
2025,2021029926,2025-02-22,1600107,京田　陽太,9,一,3,1.0,1,3,3,0,0,0,0,0,0,0,,0,0,0,0,0,0,,,,,,,,,,,,,,,,,,,,,,
2025,2021029926,2025-02-22,1651302,岡田　悠希,38,左,1,1.0,1,3,3,0,2,1,0,0,0,0,,0,1,0,0,0,0,,,,,,,,,,,,,,,,,,,,,,
2025,2021029926,2025-02-22,1700044,大城　卓三,24,捕,1,1.0,0,2,2,1,1,0,0,1,3,0,,0,1,0,0,0,0,,,,,,,,,,,,,,,,,,,,,,
2025,2021029926,2025-02-22,1700066,山本　祐大,50,捕,3,1.0,1,3,3,1,2,0,0,0,0,0,,0,0,0,0,0,0,,,,,,,,,,,,,,,,,,,,,,
2025,2021029926,2025-02-22,1750321,泉口　友汰,35,二,1,1.0,1,4,4,1,1,0,0,0,0,0,,0,0,0,0,0,0,,,,,,,,,,,,,,,,,,,,,,
2025,2021029926,2025-02-22,1760448,ウィック,62,,3,,,,,,,,,,,,,,,,,,,6,1.0,0.0,0,0,0.00,1.0,1.0,,,0,0,0,0,0,,0,1,1,,4,12
2025,2021029926,2025-02-22,1800026,横川　凱,62,,1,,,,,,,,,,,,,,,,,,,5,1.0,0.0,1,0,0.00,3.0,3.0,,,0,2,0,0,0,,1,1,0,,12,52
2025,2021029926,2025-02-22,1800028,戸郷　翔征,20,,1,,,,,,,,,,,,,,,,,,,1,1.0,,0,0,0.00,1.0,1.0,,,0,2,1,0,0,,0,1,0,,5,14
2025,2021029926,2025-02-22,1800048,知野　直人,60,走二,3,1.0,0,1,1,0,0,0,0,0,0,0,,0,0,0,0,0,0,,,,,,,,,,,,,,,,,,,,,,
2025,2021029926,2025-02-22,1800049,宮城　滝太,65,,3,,,,,,,,,,,,,,,,,,,2,1.0,0.0,0,0,0.00,1.0,1.0,,,0,1,0,0,0,,0,0,0,,4,12
2025,2021029926,2025-02-22,1850873,度会　隆輝,4,右,3,1.0,1,5,5,1,3,0,0,0,1,0,,0,0,0,0,0,0,,,,,,,,,,,,,,,,,,,,,,
2025,2021029926,2025-02-22,1900030,森　敬斗,6,遊,3,1.0,1,4,3,1,0,0,0,0,0,0,,0,0,0,1,0,1,,,,,,,,,,,,,,,,,,,,,,
2025,2021029926,2025-02-22,1900033,東妻　純平,57,打指,3,1.0,0,3,3,0,0,0,0,0,0,0,,0,1,0,0,0,0,,,,,,,,,,,,,,,,,,,,,,
2025,2021029926,2025-02-22,1900035,蝦名　達夫,61,中,3,1.0,0,2,2,0,1,0,0,0,0,0,,0,0,0,0,0,0,,,,,,,,,,,,,,,,,,,,,,
2025,2021029926,2025-02-22,1900126,オースティン,3,指,3,1.0,1,2,2,0,0,0,0,0,0,0,,0,1,0,0,0,0,,,,,,,,,,,,,,,,,,,,,,
2025,2021029926,2025-02-22,1950827,加藤　響,37,三,3,1.0,1,5,4,0,1,0,0,0,0,0,,1,1,0,0,0,0,,,,,,,,,,,,,,,,,,,,,,
2025,2021029926,2025-02-22,2000006,山崎　伊織,19,,1,,,,,,,,,,,,,,,,,,,4,1.0,0.0,0,0,0.00,1.0,1.0,,,0,2,0,0,0,,0,0,0,,5,12
2025,2021029926,2025-02-22,2000007,中山　礼都,40,三遊,1,1.0,1,4,4,1,1,0,0,0,1,0,,0,0,0,0,0,0,,,,,,,,,,,,,,,,,,,,,,
2025,2021029926,2025-02-22,2000009,秋広　優人,55,一,1,1.0,1,4,4,0,1,0,0,0,1,0,,0,1,0,0,0,1,,,,,,,,,,,,,,,,,,,,,,
2025,2021029926,2025-02-22,2000035,牧　秀悟,2,二,3,1.0,1,2,2,0,1,0,0,0,0,0,,0,0,0,0,0,0,,,,,,,,,,,,,,,,,,,,,,
2025,2021029926,2025-02-22,2000036,松本　隆之介,40,,3,,,,,,,,,,,,,,,,,,,4,1.0,0.0,0,0,4.50,2.0,2.0,,,0,3,2,1,0,,1,2,1,,11,43
2025,2021029926,2025-02-22,2100277,松尾　汐恩,5,捕,3,1.0,0,1,1,0,0,0,0,0,0,0,,0,0,0,0,0,0,,,,,,,,,,,,,,,,,,,,,,
2025,2021029926,2025-02-22,2100478,京本　眞,99,,1,,,,,,,,,,,,,,,,,,,3,1.0,0.0,0,0,0.00,1.0,1.0,,,0,1,0,0,0,,0,0,0,,3,8
2025,2021029926,2025-02-22,2102410,浅野　翔吾,51,右,1,1.0,1,5,4,1,1,0,0,0,0,0,,0,1,1,0,0,0,,,,,,,,,,,,,,,,,,,,,,
2025,2021029926,2025-02-22,2103696,井上　絢登,55,打一,3,1.0,0,1,1,0,1,0,0,0,0,0,,0,0,0,0,0,0,,,,,,,,,,,,,,,,,,,,,,
2025,2021029926,2025-02-22,2103703,梶原　昂希,58,中,3,1.0,1,3,3,1,1,0,0,0,0,0,,0,1,0,0,0,0,,,,,,,,,,,,,,,,,,,,,,
2025,2021029926,2025-02-22,2103904,ジャクソン,42,,3,,,,,,,,,,,,,,,,,,,1,1.0,,0,0,0.00,2.0,2.0,,,0,1,0,0,0,,0,3,0,,6,25
2025,2021029926,2025-02-22,2105013,萩尾　匡也,12,打左,1,1.0,0,1,0,0,0,0,0,0,0,0,,0,0,1,0,0,0,,,,,,,,,,,,,,,,,,,,,,
2025,2021029926,2025-02-22,2106178,佐々木　俊輔,44,中,1,1.0,1,5,5,0,0,0,0,0,0,0,,0,2,0,0,0,1,,,,,,,,,,,,,,,,,,,,,,
2025,2021029926,2025-02-22,2107874,門脇　誠,5,遊,1,1.0,1,3,3,1,1,0,0,0,0,0,,0,0,0,0,0,0,,,,,,,,,,,,,,,,,,,,,,
2025,2021029926,2025-02-22,2108022,又木　鉄平,46,,1,,,,,,,,,,,,,,,,,,,2,1.0,0.0,0,0,9.00,3.0,3.0,,,0,7,3,3,0,,0,2,0,,17,46
2025,2021029926,2025-02-22,2108523,荒巻　悠,60,三,1,1.0,0,2,1,1,0,0,0,0,0,0,,0,0,1,0,0,0,,,,,,,,,,,,,,,,,,,,,,
2025,2021029924,2025-02-22,900056,浅村　栄斗,3,一,376,1.0,1,2,2,0,0,0,0,0,0,0,,0,0,0,0,0,0,,,,,,,,,,,,,,,,,,,,,,
2025,2021029924,2025-02-22,900426,原口　文仁,94,一,5,1.0,0,1,0,0,0,0,0,0,0,0,,0,0,1,0,0,0,,,,,,,,,,,,,,,,,,,,,,
2025,2021029924,2025-02-22,1200117,則本　昂大,14,,376,,,,,,,,,,,,,,,,,,,2,1.0,0.0,0,0,36.00,1.0,1.0,,,0,5,4,4,1,,0,1,0,,8,25
2025,2021029924,2025-02-22,1300070,岩貞　祐太,14,,5,,,,,,,,,,,,,,,,,,,3,1.0,0.0,0,0,27.00,1.0,1.0,,,0,3,3,3,1,,0,0,0,,6,16
2025,2021029924,2025-02-22,1300073,梅野　隆太郎,2,打捕,5,1.0,0,2,2,0,0,0,0,0,1,0,,0,0,0,0,0,0,,,,,,,,,,,,,,,,,,,,,,
2025,2021029924,2025-02-22,1400172,植田　海,62,走二,5,1.0,0,1,0,1,0,0,0,0,0,0,,1,0,0,0,0,0,,,,,,,,,,,,,,,,,,,,,,
2025,2021029924,2025-02-22,1450841,豊田　寛,61,打指,5,1.0,0,2,1,1,0,0,0,0,0,0,,1,0,0,0,0,0,,,,,,,,,,,,,,,,,,,,,,
2025,2021029924,2025-02-22,1460250,フランコ,23,指,376,1.0,1,2,2,0,0,0,0,0,0,0,,0,1,0,0,0,0,,,,,,,,,,,,,,,,,,,,,,
2025,2021029924,2025-02-22,1500078,阿部　寿樹,4,打指,376,1.0,0,2,2,1,1,1,0,0,1,0,,0,0,0,0,0,0,,,,,,,,,,,,,,,,,,,,,,
2025,2021029924,2025-02-22,1500087,坂本　誠志郎,12,捕,5,1.0,1,3,3,0,1,0,0,0,0,0,,0,1,0,0,0,0,,,,,,,,,,,,,,,,,,,,,,
2025,2021029924,2025-02-22,1600007,村林　一輝,6,三,376,1.0,1,3,3,1,2,0,0,1,3,0,,0,0,0,0,0,0,,,,,,,,,,,,,,,,,,,,,,
2025,2021029924,2025-02-22,1600060,畠　世周,36,,5,,,,,,,,,,,,,,,,,,,4,1.0,0.0,0,0,0.00,1.0,1.0,,,0,2,0,0,0,,1,1,0,,6,28
2025,2021029924,2025-02-22,1600092,藤平　尚真,46,,376,,,,,,,,,,,,,,,,,,,6,1.0,0.0,0,0,0.00,1.0,1.0,,,0,1,0,0,0,,1,1,0,,5,12
2025,2021029924,2025-02-22,1600094,田中　和基,25,走中,376,1.0,0,2,2,0,1,1,0,0,0,0,,0,0,0,0,0,0,,,,,,,,,,,,,,,,,,,,,,
2025,2021029924,2025-02-22,1600113,大山　悠輔,3,一,5,1.0,1,3,3,1,1,0,0,0,1,0,,0,1,0,0,0,0,,,,,,,,,,,,,,,,,,,,,,
2025,2021029924,2025-02-22,1600117,糸原　健斗,33,三,5,1.0,0,2,2,0,0,0,0,0,0,0,,0,1,0,0,0,0,,,,,,,,,,,,,,,,,,,,,,
2025,2021029924,2025-02-22,1700080,島田　海吏,53,右,5,1.0,1,5,5,0,1,0,0,0,1,0,,0,0,0,0,0,0,,,,,,,,,,,,,,,,,,,,,,
2025,2021029924,2025-02-22,1800044,伊藤　裕季也,39,三,376,1.0,0,1,1,0,0,0,0,0,0,0,,0,0,0,0,0,0,,,,,,,,,,,,,,,,,,,,,,
2025,2021029924,2025-02-22,1800065,近本　光司,5,中,5,1.0,1,3,3,0,1,0,0,0,0,0,,0,1,0,0,0,0,,,,,,,,,,,,,,,,,,,,,,
2025,2021029924,2025-02-22,1800066,小幡　竜平,38,遊,5,1.0,0,1,1,0,0,0,0,0,0,0,,0,0,0,0,0,0,,,,,,,,,,,,,,,,,,,,,,
2025,2021029924,2025-02-22,1800067,木浪　聖也,0,遊,5,1.0,1,4,4,0,3,1,0,0,0,0,,0,0,0,0,0,1,,,,,,,,,,,,,,,,,,,,,,
2025,2021029924,2025-02-22,1800117,辰己　涼介,8,中,376,1.0,1,3,3,1,2,0,0,0,0,0,,0,0,0,0,0,0,,,,,,,,,,,,,,,,,,,,,,
2025,2021029924,2025-02-22,1800118,太田　光,2,捕,376,1.0,0,0,0,0,0,0,0,0,0,0,,0,0,0,0,0,0,,,,,,,,,,,,,,,,,,,,,,
2025,2021029924,2025-02-22,1800122,渡邊　佳明,48,一,376,1.0,0,3,2,0,0,0,0,0,0,0,,1,0,0,0,0,0,,,,,,,,,,,,,,,,,,,,,,
2025,2021029924,2025-02-22,1800123,小郷　裕哉,51,右,376,1.0,1,4,4,0,0,0,0,0,1,0,,0,1,0,0,0,0,,,,,,,,,,,,,,,,,,,,,,
2025,2021029924,2025-02-22,1800124,鈴木　翔天,56,,376,,,,,,,,,,,,,,,,,,,4,1.0,0.0,0,0,0.00,1.0,1.0,,,0,3,0,0,0,,0,2,0,,6,36
2025,2021029924,2025-02-22,1850921,中込　陽翔,26,,376,,,,,,,,,,,,,,,,,,,5,1.0,0.0,0,0,18.00,1.0,1.0,,,0,2,2,2,0,,1,1,1,,7,24
2025,2021029924,2025-02-22,1851157,宗山　塁,1,遊,376,1.0,1,4,4,0,2,0,1,0,1,0,,0,1,0,0,0,0,,,,,,,,,,,,,,,,,,,,,,
2025,2021029924,2025-02-22,1900112,小深田　大翔,0,二,376,1.0,1,4,4,2,1,0,0,0,1,1,,0,0,0,0,0,0,,,,,,,,,,,,,,,,,,,,,,
2025,2021029924,2025-02-22,1900115,武藤　敦貴,50,右,376,1.0,0,1,1,0,0,0,0,0,0,0,,0,0,0,0,0,0,,,,,,,,,,,,,,,,,,,,,,
2025,2021029924,2025-02-22,1950205,吉納　翼,36,打,376,1.0,0,1,1,0,0,0,0,0,0,0,,0,0,0,0,0,0,,,,,,,,,,,,,,,,,,,,,,
2025,2021029924,2025-02-22,1950278,中島　大輔,32,左,376,1.0,1,4,4,0,0,0,0,0,0,0,,0,1,0,0,0,0,,,,,,,,,,,,,,,,,,,,,,
2025,2021029924,2025-02-22,1950996,前川　右京,58,左,5,1.0,1,5,5,1,2,0,0,1,3,0,,0,1,0,0,0,0,,,,,,,,,,,,,,,,,,,,,,
2025,2021029924,2025-02-22,1961861,ネルソン,42,,5,,,,,,,,,,,,,,,,,,,2,1.0,0.0,0,0,0.00,1.0,1.0,,,0,0,1,0,0,,0,1,0,,4,13
2025,2021029924,2025-02-22,2000051,佐藤　輝明,8,三,5,1.0,1,3,2,2,2,0,0,1,1,0,,1,0,0,0,0,0,,,,,,,,,,,,,,,,,,,,,,
2025,2021029924,2025-02-22,2000055,村上　頌樹,41,,5,,,,,,,,,,,,,,,,,,,1,1.0,,0,0,0.00,2.0,2.0,,,0,1,0,0,0,,0,1,0,,7,29
2025,2021029924,2025-02-22,2000056,中野　拓夢,51,二,5,1.0,1,4,4,1,1,1,0,0,0,0,,0,1,0,0,0,0,,,,,,,,,,,,,,,,,,,,,,
2025,2021029924,2025-02-22,2000057,高寺　望夢,67,二一,5,1.0,0,1,1,0,1,1,0,0,0,0,,0,0,0,0,0,0,,,,,,,,,,,,,,,,,,,,,,
2025,2021029924,2025-02-22,2000125,入江　大樹,63,遊,376,1.0,0,2,2,0,1,0,0,0,0,0,,0,0,0,0,0,0,,,,,,,,,,,,,,,,,,,,,,
2025,2021029924,2025-02-22,2100253,中川　勇斗,68,打指,5,1.0,0,1,1,0,0,0,0,0,0,0,,0,0,0,0,0,0,,,,,,,,,,,,,,,,,,,,,,
2025,2021029924,2025-02-22,2103614,小森　航大郎,73,走,376,1.0,0,0,0,1,0,0,0,0,0,1,,0,0,0,0,0,0,,,,,,,,,,,,,,,,,,,,,,
2025,2021029924,2025-02-22,2103736,松井　友飛,45,,376,,,,,,,,,,,,,,,,,,,1,1.0,,0,0,0.00,2.0,2.0,,,0,2,0,0,0,,1,1,0,,9,42
2025,2021029924,2025-02-22,2103740,安田　悠馬,55,捕,376,1.0,1,3,3,1,2,1,0,0,0,0,,0,0,0,0,0,0,,,,,,,,,,,,,,,,,,,,,,
2025,2021029924,2025-02-22,2103765,柴田　大地,71,,376,,,,,,,,,,,,,,,,,,,7,1.0,0.0,0,0,0.00,1.0,1.0,,,0,0,0,0,0,,0,0,0,,3,12
2025,2021029924,2025-02-22,2103848,岡留　英貴,64,,5,,,,,,,,,,,,,,,,,,,5,1.0,0.0,0,0,27.00,1.0,1.0,,,0,4,3,3,0,,0,1,0,,7,29
2025,2021029924,2025-02-22,2104016,門別　啓人,30,,5,,,,,,,,,,,,,,,,,,,6,1.0,0.0,0,0,0.00,3.0,3.0,,,0,2,0,0,0,,0,0,0,,11,40
2025,2021029924,2025-02-22,2104697,井坪　陽生,40,中,5,1.0,0,2,2,0,1,0,0,0,0,0,,0,1,0,0,0,0,,,,,,,,,,,,,,,,,,,,,,
2025,2021029924,2025-02-22,2112429,江原　雅裕,40,,376,,,,,,,,,,,,,,,,,,,3,1.0,0.0,0,0,4.50,2.0,2.0,,,0,1,1,1,1,,0,1,0,,7,24
2025,2021029924,2025-02-22,2114815,ヘルナンデス,95,指,5,1.0,1,2,2,0,0,0,0,0,0,0,,0,0,0,0,0,0,,,,,,,,,,,,,,,,,,,,,,
2025,2021029933,2025-02-23,1300049,石川　亮,37,捕,11,1.0,0,0,0,0,0,0,0,0,0,0,,0,0,0,0,0,0,,,,,,,,,,,,,,,,,,,,,,
2025,2021029933,2025-02-23,1300058,九里　亜蓮,22,,11,,,,,,,,,,,,,,,,,,,1,1.0,,1,0,0.00,2.0,2.0,,,0,2,0,0,0,,1,3,0,,9,41
2025,2021029933,2025-02-23,1300100,森　友哉,4,捕,11,1.0,1,3,3,0,2,0,0,0,1,0,,0,0,0,0,0,0,,,,,,,,,,,,,,,,,,,,,,
2025,2021029933,2025-02-23,1400192,香月　一也,126,一,11,1.0,0,1,1,0,0,0,0,0,0,0,,0,0,0,0,0,0,,,,,,,,,,,,,,,,,,,,,,
2025,2021029933,2025-02-23,1400201,西野　真弘,5,三,11,1.0,1,2,2,0,1,0,0,0,0,0,,0,0,0,0,0,0,,,,,,,,,,,,,,,,,,,,,,
2025,2021029933,2025-02-23,1500041,廣岡　大志,30,一,11,1.0,1,3,3,1,1,1,0,0,1,0,,0,0,0,0,0,0,,,,,,,,,,,,,,,,,,,,,,
2025,2021029933,2025-02-23,1500096,西川　龍馬,7,指,11,1.0,1,2,2,1,1,0,0,0,0,0,,0,0,0,0,0,0,,,,,,,,,,,,,,,,,,,,,,
2025,2021029933,2025-02-23,1500111,井口　和朋,58,,11,,,,,,,,,,,,,,,,,,,3,1.0,0.0,0,0,0.00,0.3333333333333333,0.1,,,0,1,0,0,0,,0,0,0,,2,3
2025,2021029933,2025-02-23,1500128,大城　滉二,10,二,11,1.0,0,2,2,0,1,1,0,0,0,0,,0,0,0,0,0,0,,,,,,,,,,,,,,,,,,,,,,
2025,2021029933,2025-02-23,1500140,谷川原　健太,45,捕,12,1.0,1,3,3,0,0,0,0,0,0,0,,0,1,0,0,0,0,,,,,,,,,,,,,,,,,,,,,,
2025,2021029933,2025-02-23,1600081,濱口　遥大,13,,12,,,,,,,,,,,,,,,,,,,2,1.0,0.0,0,0,9.00,2.0,2.0,,,0,6,4,2,0,,0,1,0,,12,39
2025,2021029933,2025-02-23,1650722,杉澤　龍,33,中左,11,1.0,0,2,2,1,1,0,0,0,0,0,,0,1,0,0,0,0,,,,,,,,,,,,,,,,,,,,,,
2025,2021029933,2025-02-23,1700111,福田　周平,65,左,11,1.0,1,2,2,2,2,0,0,0,0,0,,0,0,0,0,0,0,,,,,,,,,,,,,,,,,,,,,,
2025,2021029933,2025-02-23,1700136,リチャード,52,指,12,1.0,1,4,3,1,1,0,0,0,0,0,,0,2,1,0,0,0,,,,,,,,,,,,,,,,,,,,,,
2025,2021029933,2025-02-23,1750207,大里　昂生,64,遊,11,1.0,0,1,1,0,0,0,0,0,0,0,,0,0,0,0,0,0,,,,,,,,,,,,,,,,,,,,,,
2025,2021029933,2025-02-23,1750543,高島　泰都,96,,11,,,,,,,,,,,,,,,,,,,2,1.0,0.0,0,0,0.00,3.6666666666666665,3.2,,,0,3,0,0,0,,0,2,1,,14,47
2025,2021029933,2025-02-23,1750667,山中　稜真,50,右,11,1.0,1,3,3,2,2,0,0,0,2,0,,0,0,0,0,0,0,,,,,,,,,,,,,,,,,,,,,,
2025,2021029933,2025-02-23,1751068,野口　智哉,9,遊,11,1.0,1,3,3,1,2,0,0,0,2,0,,0,0,0,0,0,0,,,,,,,,,,,,,,,,,,,,,,
2025,2021029933,2025-02-23,1800098,太田　椋,31,二,11,1.0,1,3,3,1,1,0,0,0,0,0,,0,0,0,0,0,0,,,,,,,,,,,,,,,,,,,,,,
2025,2021029933,2025-02-23,1800113,渡邉　陸,0,捕,12,1.0,0,1,1,0,0,0,0,0,0,0,,0,0,0,0,0,0,,,,,,,,,,,,,,,,,,,,,,
2025,2021029933,2025-02-23,1850172,廣瀬　隆太,33,二,12,1.0,1,4,4,0,2,0,0,0,0,0,,0,0,0,0,0,0,,,,,,,,,,,,,,,,,,,,,,
2025,2021029933,2025-02-23,1900047,遠藤　成,124,三,11,1.0,0,3,3,0,1,0,0,0,2,0,,0,0,0,0,0,0,,,,,,,,,,,,,,,,,,,,,,
2025,2021029933,2025-02-23,1900100,佐藤　直樹,30,中,12,1.0,1,3,3,0,0,0,0,0,0,0,,0,1,0,0,0,0,,,,,,,,,,,,,,,,,,,,,,
2025,2021029933,2025-02-23,1900104,柳町　達,32,左,12,1.0,1,3,2,0,0,0,0,0,0,0,,1,0,0,0,0,0,,,,,,,,,,,,,,,,,,,,,,
2025,2021029933,2025-02-23,1900105,石塚　綜一郎,55,一,12,1.0,1,4,4,0,2,1,0,0,1,0,,0,1,0,0,0,0,,,,,,,,,,,,,,,,,,,,,,
2025,2021029933,2025-02-23,1950149,庄子　雄大,25,遊,12,1.0,1,3,3,0,2,0,0,0,0,1,,0,0,0,0,0,0,,,,,,,,,,,,,,,,,,,,,,
2025,2021029933,2025-02-23,1950317,岩崎　峻典,69,,12,,,,,,,,,,,,,,,,,,,4,1.0,0.0,0,0,0.00,1.0,1.0,,,0,1,0,0,0,,0,0,0,,4,14
2025,2021029933,2025-02-23,2000008,伊藤　優輔,42,,12,,,,,,,,,,,,,,,,,,,1,1.0,,0,1,9.00,2.0,2.0,,,0,6,3,2,0,,1,0,0,,12,41
2025,2021029933,2025-02-23,2000098,来田　涼斗,38,打右,11,1.0,0,2,1,0,1,0,0,0,0,0,,1,0,0,0,0,0,,,,,,,,,,,,,,,,,,,,,,
2025,2021029933,2025-02-23,2000102,川瀬　堅斗,94,,11,,,,,,,,,,,,,,,,,,,4,1.0,0.0,0,0,4.50,2.0,2.0,,,0,3,1,1,0,,0,2,0,,9,27
2025,2021029933,2025-02-23,2000108,井上　朋也,43,三,12,1.0,1,4,4,0,0,0,0,0,0,0,,0,0,0,0,0,0,,,,,,,,,,,,,,,,,,,,,,
2025,2021029933,2025-02-23,2000109,笹川　吉康,44,中,12,1.0,0,1,1,0,0,0,0,0,0,0,,0,1,0,0,0,0,,,,,,,,,,,,,,,,,,,,,,
2025,2021029933,2025-02-23,2000117,緒方　理貢,57,右左,12,1.0,1,3,3,0,2,0,0,0,0,0,,0,0,0,0,0,1,,,,,,,,,,,,,,,,,,,,,,
2025,2021029933,2025-02-23,2050254,池田　陵真,39,左,11,1.0,0,2,2,0,0,0,0,0,0,0,,0,0,0,0,0,0,,,,,,,,,,,,,,,,,,,,,,
2025,2021029933,2025-02-23,2103735,正木　智也,31,左右,12,1.0,0,1,1,0,0,0,0,0,0,0,,0,1,0,0,0,0,,,,,,,,,,,,,,,,,,,,,,
2025,2021029933,2025-02-23,2103747,渡部　遼人,0,中,11,1.0,0,1,1,0,0,0,0,0,0,0,,0,0,0,0,0,0,,,,,,,,,,,,,,,,,,,,,,
2025,2021029933,2025-02-23,2107684,西尾　歩真,170,打,12,1.0,0,1,1,0,0,0,0,0,0,0,,0,0,0,0,0,0,,,,,,,,,,,,,,,,,,,,,,
2025,2021029933,2025-02-23,2107851,イヒネ　イツア,36,打遊,12,1.0,0,2,2,0,0,0,0,0,0,0,,0,0,0,0,0,0,,,,,,,,,,,,,,,,,,,,,,
2025,2021029933,2025-02-23,2107872,才木　海翔,95,,11,,,,,,,,,,,,,,,,,,,5,1.0,0.0,0,0,0.00,1.0,1.0,,,0,0,0,0,0,,0,0,0,,3,12
2025,2021029933,2025-02-23,2107909,松本　晴,49,,12,,,,,,,,,,,,,,,,,,,5,1.0,0.0,0,0,0.00,2.0,2.0,,,0,1,0,0,0,,0,1,0,,7,31
2025,2021029933,2025-02-23,2108276,ディアス,54,打指,11,1.0,0,3,3,0,1,0,0,0,0,0,,0,0,0,0,0,0,,,,,,,,,,,,,,,,,,,,,,
2025,2021029933,2025-02-23,2108558,岩井　俊介,27,,12,,,,,,,,,,,,,,,,,,,3,1.0,0.0,0,0,18.00,1.0,1.0,,,0,3,2,2,0,,1,0,0,,7,26
2025,2021029933,2025-02-23,2109674,堀　柊那,62,捕,11,1.0,0,1,1,0,0,0,0,0,0,0,,0,0,0,0,0,0,,,,,,,,,,,,,,,,,,,,,,
2025,2021029933,2025-02-23,2110153,麦谷　祐介,8,中,11,1.0,1,3,2,0,0,0,0,0,0,0,,1,1,0,0,0,0,,,,,,,,,,,,,,,,,,,,,,
2025,2021029925,2025-02-22,1200098,松葉　貴大,38,,4,,,,,,,,,,,,,,,,,,,1,1.0,,0,0,0.00,2.0,2.0,,,0,0,0,0,0,,1,0,0,,6,30
2025,2021029925,2025-02-22,1300079,上林　誠知,51,中,4,1.0,0,1,1,0,0,0,0,0,0,0,,0,0,0,0,0,0,,,,,,,,,,,,,,,,,,,,,,
2025,2021029925,2025-02-22,1400188,中村　奨吾,8,二,9,1.0,1,3,3,0,0,0,0,0,0,0,,0,1,0,0,0,0,,,,,,,,,,,,,,,,,,,,,,
2025,2021029925,2025-02-22,1500049,宇佐見　真吾,39,打指,4,1.0,0,1,1,0,0,0,0,0,0,0,,0,0,0,0,0,0,,,,,,,,,,,,,,,,,,,,,,
2025,2021029925,2025-02-22,1500076,木下　拓哉,35,捕,4,1.0,1,2,2,0,0,0,0,0,0,0,,0,1,0,0,0,0,,,,,,,,,,,,,,,,,,,,,,
2025,2021029925,2025-02-22,1500091,板山　祐太郎,63,指,4,1.0,1,2,2,0,0,0,0,0,1,0,,0,0,0,0,0,0,,,,,,,,,,,,,,,,,,,,,,
2025,2021029925,2025-02-22,1600085,細川　成也,55,右,4,1.0,1,3,3,0,1,1,0,0,0,0,,0,0,0,0,0,0,,,,,,,,,,,,,,,,,,,,,,
2025,2021029925,2025-02-22,1600110,藤嶋　健人,54,,4,,,,,,,,,,,,,,,,,,,4,1.0,0.0,0,0,9.00,1.0,1.0,,,0,1,1,1,1,,0,0,0,,4,12
2025,2021029925,2025-02-22,1600146,種市　篤暉,16,,9,,,,,,,,,,,,,,,,,,,2,1.0,0.0,0,0,0.00,2.0,2.0,,,0,1,0,0,0,,0,0,0,,7,24
2025,2021029925,2025-02-22,1650489,三浦　瑞樹,204,,4,,,,,,,,,,,,,,,,,,,2,1.0,0.0,0,0,0.00,4.0,4.0,,,0,2,0,0,0,,1,2,0,,15,67
2025,2021029925,2025-02-22,1700092,安田　尚憲,5,一,9,1.0,1,3,3,0,0,0,0,0,0,0,,0,0,0,0,0,0,,,,,,,,,,,,,,,,,,,,,,
2025,2021029925,2025-02-22,1700093,藤岡　裕大,7,指,9,1.0,1,3,1,0,0,0,0,0,0,0,,2,0,0,0,0,0,,,,,,,,,,,,,,,,,,,,,,
2025,2021029925,2025-02-22,1700098,和田　康士朗,63,中,9,1.0,0,2,2,0,0,0,0,0,0,0,,0,0,0,0,0,0,,,,,,,,,,,,,,,,,,,,,,
2025,2021029925,2025-02-22,1700104,清水　達也,50,,4,,,,,,,,,,,,,,,,,,,5,1.0,0.0,0,1,36.00,1.0,1.0,,,0,3,4,4,1,,1,0,0,,7,29
2025,2021029925,2025-02-22,1750223,村松　開人,5,遊,4,1.0,1,3,3,0,0,0,0,0,0,0,,0,0,0,0,0,0,,,,,,,,,,,,,,,,,,,,,,
2025,2021029925,2025-02-22,1800037,坂本　光士郎,36,,9,,,,,,,,,,,,,,,,,,,5,1.0,0.0,0,0,0.00,1.0,1.0,,,0,1,0,0,0,,0,0,0,,3,7
2025,2021029925,2025-02-22,1800052,小島　和哉,14,,9,,,,,,,,,,,,,,,,,,,1,1.0,,0,0,4.50,2.0,2.0,,,0,2,1,1,0,,0,2,0,,8,34
2025,2021029925,2025-02-22,1800053,山口　航輝,51,右,9,1.0,1,3,3,1,1,0,0,1,1,0,,0,1,0,0,0,0,,,,,,,,,,,,,,,,,,,,,,
2025,2021029925,2025-02-22,1800062,石橋　康太,58,捕,4,1.0,0,1,1,0,0,0,0,0,0,0,,0,0,0,0,0,0,,,,,,,,,,,,,,,,,,,,,,
2025,2021029925,2025-02-22,1850947,上田　希由翔,10,三,9,1.0,1,3,3,0,0,0,0,0,0,0,,0,0,0,0,0,0,,,,,,,,,,,,,,,,,,,,,,
2025,2021029925,2025-02-22,1900037,石川　昂弥,25,三,4,1.0,1,4,3,1,1,0,0,0,0,0,,1,0,0,0,0,0,,,,,,,,,,,,,,,,,,,,,,
2025,2021029925,2025-02-22,1900041,岡林　勇希,1,中,4,1.0,1,3,3,0,0,0,0,0,0,0,,0,0,0,0,0,0,,,,,,,,,,,,,,,,,,,,,,
2025,2021029925,2025-02-22,1900082,高部　瑛斗,38,中,9,1.0,1,3,3,0,1,0,0,0,0,0,,0,0,0,0,0,0,,,,,,,,,,,,,,,,,,,,,,
2025,2021029925,2025-02-22,1900083,横山　陸人,60,,9,,,,,,,,,,,,,,,,,,,6,1.0,0.0,1,0,0.00,1.6666666666666665,1.2,,,0,0,0,0,0,,1,0,1,,7,28
2025,2021029925,2025-02-22,1950286,西川　史礁,6,左,9,1.0,1,4,4,1,1,0,0,0,0,0,,0,0,0,0,0,0,,,,,,,,,,,,,,,,,,,,,,
2025,2021029925,2025-02-22,1961300,ボスラー,24,一,4,1.0,1,3,3,0,2,0,0,0,0,0,,0,1,0,0,0,0,,,,,,,,,,,,,,,,,,,,,,
2025,2021029925,2025-02-22,2000044,土田　龍空,45,遊,4,1.0,0,1,0,0,0,0,0,0,0,0,,0,0,1,0,0,0,,,,,,,,,,,,,,,,,,,,,,
2025,2021029925,2025-02-22,2000048,近藤　廉,214,,4,,,,,,,,,,,,,,,,,,,3,1.0,0.0,0,0,0.00,1.0,1.0,,,0,0,0,0,0,,0,0,0,,3,10
2025,2021029925,2025-02-22,2000087,鈴木　昭汰,47,,9,,,,,,,,,,,,,,,,,,,3,1.0,0.0,0,0,0.00,1.0,1.0,,,0,0,0,0,0,,0,1,0,,3,10
2025,2021029925,2025-02-22,2000089,小川　龍成,57,二,9,1.0,0,1,1,1,0,0,0,0,0,1,,0,0,0,0,0,0,,,,,,,,,,,,,,,,,,,,,,
2025,2021029925,2025-02-22,2000094,山本　大斗,61,右,9,1.0,0,1,1,1,1,0,0,1,4,0,,0,0,0,0,0,0,,,,,,,,,,,,,,,,,,,,,,
2025,2021029925,2025-02-22,2100346,松川　虎生,2,捕,9,1.0,0,1,1,0,0,0,0,0,0,0,,0,0,0,0,0,0,,,,,,,,,,,,,,,,,,,,,,
2025,2021029925,2025-02-22,2102926,寺地　隆成,65,捕,9,1.0,1,2,2,0,1,0,0,0,0,0,,0,0,0,0,0,0,,,,,,,,,,,,,,,,,,,,,,
2025,2021029925,2025-02-22,2103693,池田　来翔,0,一,9,1.0,0,1,0,1,0,0,0,0,0,0,,1,0,0,0,0,0,,,,,,,,,,,,,,,,,,,,,,
2025,2021029925,2025-02-22,2103780,福永　裕基,7,二一,4,1.0,1,4,4,0,0,0,0,0,0,0,,0,0,0,0,0,0,,,,,,,,,,,,,,,,,,,,,,
2025,2021029925,2025-02-22,2103944,濱　将乃介,37,左,4,1.0,0,1,1,0,0,0,0,0,0,0,,0,0,0,0,0,0,,,,,,,,,,,,,,,,,,,,,,
2025,2021029925,2025-02-22,2103947,樋口　正修,97,左,4,1.0,1,2,2,0,0,0,0,0,0,0,,0,1,0,0,0,0,,,,,,,,,,,,,,,,,,,,,,
2025,2021029925,2025-02-22,2105174,辻本　倫太郎,0,二,4,1.0,0,0,0,0,0,0,0,0,0,0,,0,0,0,0,0,0,,,,,,,,,,,,,,,,,,,,,,
2025,2021029925,2025-02-22,2106795,菊地　吏玖,28,,9,,,,,,,,,,,,,,,,,,,4,1.0,0.0,0,0,0.00,1.3333333333333333,1.1,,,0,0,0,0,0,,0,0,0,,4,9
2025,2021029925,2025-02-22,2106798,友杉　篤輝,4,遊,9,1.0,1,3,3,0,0,0,0,0,0,0,,0,0,0,0,0,0,,,,,,,,,,,,,,,,,,,,,,
2025,2021029925,2025-02-22,2107645,尾田　剛樹,0,走右,4,1.0,0,1,1,0,0,0,0,0,0,0,,0,0,0,0,0,0,,,,,,,,,,,,,,,,,,,,,,
2025,2021029925,2025-02-22,2117855,宮崎　竜成,44,三,9,1.0,0,1,1,0,1,0,0,0,0,0,,0,0,0,0,0,0,,,,,,,,,,,,,,,,,,,,,,
2025,2021029925,2025-02-22,2117859,立松　由宇,49,打指,9,1.0,0,1,1,0,0,0,0,0,0,0,,0,0,0,0,0,0,,,,,,,,,,,,,,,,,,,,,,
2025,2021029935,2025-02-24,800080,岩嵜　翔,16,,4,,,,,,,,,,,,,,,,,,,4,1.0,0.0,0,0,0.00,1.0,1.0,,,0,0,0,0,0,,0,0,0,,3,8
2025,2021029935,2025-02-24,1000138,大野　雄大,22,,4,,,,,,,,,,,,,,,,,,,1,1.0,,0,0,9.00,2.0,2.0,,,0,1,2,2,1,,1,1,0,,8,30
2025,2021029935,2025-02-24,1300066,祖父江　大輔,33,,4,,,,,,,,,,,,,,,,,,,3,1.0,0.0,0,0,0.00,1.0,1.0,,,0,1,0,0,0,,0,1,0,,4,13
2025,2021029935,2025-02-24,1300079,上林　誠知,51,中,4,1.0,1,4,4,1,1,0,0,1,1,0,,0,0,0,0,0,0,,,,,,,,,,,,,,,,,,,,,,
2025,2021029935,2025-02-24,1400175,塹江　敦哉,36,,6,,,,,,,,,,,,,,,,,,,2,1.0,0.0,0,0,0.00,1.0,1.0,,,0,0,0,0,0,,0,1,0,,3,10
2025,2021029935,2025-02-24,1400199,齋藤　綱記,59,,4,,,,,,,,,,,,,,,,,,,6,1.0,0.0,0,0,0.00,1.0,1.0,,,0,0,0,0,0,,0,2,0,,3,13
2025,2021029935,2025-02-24,1500049,宇佐見　真吾,39,打指,4,1.0,0,3,3,1,1,1,0,0,1,0,,0,1,0,0,0,0,,,,,,,,,,,,,,,,,,,,,,
2025,2021029935,2025-02-24,1500076,木下　拓哉,35,捕,4,1.0,1,2,1,0,1,0,0,0,0,0,,1,0,0,0,0,0,,,,,,,,,,,,,,,,,,,,,,
2025,2021029935,2025-02-24,1500091,板山　祐太郎,63,一,4,1.0,1,2,2,0,0,0,0,0,0,0,,0,0,0,0,0,0,,,,,,,,,,,,,,,,,,,,,,
2025,2021029935,2025-02-24,1550972,中村　健人,50,左,6,1.0,0,1,1,0,1,0,0,0,0,0,,0,0,0,0,0,0,,,,,,,,,,,,,,,,,,,,,,
2025,2021029935,2025-02-24,1560639,カリステ,4,指,4,1.0,1,2,2,1,0,0,0,0,0,0,,0,0,0,0,0,0,,,,,,,,,,,,,,,,,,,,,,
2025,2021029935,2025-02-24,1600076,梅野　雄吾,46,,4,,,,,,,,,,,,,,,,,,,5,1.0,0.0,1,0,0.00,1.0,1.0,,,0,0,0,0,0,,0,0,0,,3,7
2025,2021029935,2025-02-24,1600085,細川　成也,55,右,4,1.0,1,2,2,0,0,0,0,0,0,0,,0,0,0,0,0,0,,,,,,,,,,,,,,,,,,,,,,
2025,2021029935,2025-02-24,1600124,坂倉　将吾,31,捕,6,1.0,1,2,1,1,0,0,0,0,0,0,,1,0,0,0,0,0,,,,,,,,,,,,,,,,,,,,,,
2025,2021029935,2025-02-24,1700068,中村　奨成,96,中,6,1.0,1,3,3,0,0,0,0,0,0,0,,0,0,0,0,0,0,,,,,,,,,,,,,,,,,,,,,,
2025,2021029935,2025-02-24,1700072,遠藤　淳志,66,,6,,,,,,,,,,,,,,,,,,,6,1.0,0.0,0,1,27.00,1.0,1.0,,,0,5,3,3,0,,0,0,0,,7,27
2025,2021029935,2025-02-24,1750223,村松　開人,5,遊,4,1.0,1,4,4,1,3,1,0,0,0,0,,0,1,0,0,0,1,,,,,,,,,,,,,,,,,,,,,,
2025,2021029935,2025-02-24,1800062,石橋　康太,58,捕,4,1.0,0,2,2,1,2,0,0,0,1,0,,0,0,0,0,0,0,,,,,,,,,,,,,,,,,,,,,,
2025,2021029935,2025-02-24,1800073,島内　颯太郎,43,,6,,,,,,,,,,,,,,,,,,,4,1.0,0.0,0,0,9.00,1.0,1.0,,,0,2,1,1,1,,1,1,0,,6,26
2025,2021029935,2025-02-24,1800074,林　晃汰,44,打一,6,1.0,0,1,1,0,0,0,0,0,0,0,,0,0,0,0,0,0,,,,,,,,,,,,,,,,,,,,,,
2025,2021029935,2025-02-24,1850874,津田　啓史,27,一,4,1.0,0,2,2,0,1,0,0,0,0,0,,0,0,0,0,0,0,,,,,,,,,,,,,,,,,,,,,,
2025,2021029935,2025-02-24,1851151,河野　佳,46,,6,,,,,,,,,,,,,,,,,,,7,1.0,0.0,0,0,0.00,1.0,1.0,,,0,2,1,0,0,,0,0,0,,5,18
2025,2021029935,2025-02-24,1900055,韮澤　雄也,54,遊,6,1.0,1,3,3,0,0,0,0,0,0,0,,0,0,0,0,0,0,,,,,,,,,,,,,,,,,,,,,,
2025,2021029935,2025-02-24,1961300,ボスラー,24,三,4,1.0,1,2,2,0,1,0,0,0,1,0,,0,0,0,0,0,0,,,,,,,,,,,,,,,,,,,,,,
2025,2021029935,2025-02-24,1961927,モンテロ,95,指,6,1.0,1,3,3,1,1,0,0,1,2,0,,0,0,0,0,0,0,,,,,,,,,,,,,,,,,,,,,,
2025,2021029935,2025-02-24,2000044,土田　龍空,45,打三,4,1.0,0,2,2,0,1,0,0,0,0,0,,0,0,0,0,0,0,,,,,,,,,,,,,,,,,,,,,,
2025,2021029935,2025-02-24,2000061,森浦　大輔,13,,6,,,,,,,,,,,,,,,,,,,3,1.0,0.0,0,0,0.00,1.0,1.0,,,0,0,0,0,0,,0,1,0,,3,11
2025,2021029935,2025-02-24,2000065,矢野　雅哉,4,打指,6,1.0,0,1,1,0,1,0,0,0,1,0,,0,0,0,0,0,0,,,,,,,,,,,,,,,,,,,,,,
2025,2021029935,2025-02-24,2000066,二俣　翔一,99,打,6,1.0,0,1,0,1,0,0,0,0,0,0,,1,0,0,0,0,0,,,,,,,,,,,,,,,,,,,,,,
2025,2021029935,2025-02-24,2100102,清水　叶人,62,捕,6,1.0,0,2,2,0,0,0,0,0,0,0,,0,0,0,0,0,0,,,,,,,,,,,,,,,,,,,,,,
2025,2021029935,2025-02-24,2103358,田村　俊介,60,右,6,1.0,1,4,4,0,0,0,0,0,0,0,,0,0,0,0,0,0,,,,,,,,,,,,,,,,,,,,,,
2025,2021029935,2025-02-24,2103768,末包　昇大,52,打中,6,1.0,0,1,1,0,0,0,0,0,0,0,,0,1,0,0,0,0,,,,,,,,,,,,,,,,,,,,,,
2025,2021029935,2025-02-24,2103780,福永　裕基,7,二,4,1.0,1,3,3,0,0,0,0,0,0,0,,0,0,0,0,0,0,,,,,,,,,,,,,,,,,,,,,,
2025,2021029935,2025-02-24,2103845,鵜飼　航丞,66,左,4,1.0,1,4,4,1,1,0,0,0,0,0,,0,1,0,0,0,0,,,,,,,,,,,,,,,,,,,,,,
2025,2021029935,2025-02-24,2103944,濱　将乃介,37,右,4,1.0,0,2,1,0,0,0,0,0,1,0,,0,1,0,0,1,0,,,,,,,,,,,,,,,,,,,,,,
2025,2021029935,2025-02-24,2103947,樋口　正修,97,二,4,1.0,0,1,1,0,1,0,0,0,1,1,,0,0,0,0,0,0,,,,,,,,,,,,,,,,,,,,,,
2025,2021029935,2025-02-24,2105174,辻本　倫太郎,0,遊,4,1.0,0,1,1,0,0,0,0,0,0,0,,0,0,0,0,0,0,,,,,,,,,,,,,,,,,,,,,,
2025,2021029935,2025-02-24,2105565,益田　武尚,26,,6,,,,,,,,,,,,,,,,,,,5,1.0,0.0,0,0,0.00,1.0,1.0,,,0,1,0,0,0,,0,1,0,,4,14
2025,2021029935,2025-02-24,2107645,尾田　剛樹,0,左,4,1.0,0,0,0,0,0,0,0,0,0,0,,0,0,0,0,0,0,,,,,,,,,,,,,,,,,,,,,,
2025,2021029935,2025-02-24,2107860,仲地　礼亜,26,,4,,,,,,,,,,,,,,,,,,,2,1.0,0.0,0,0,0.00,2.0,2.0,,,0,1,0,0,0,,0,1,0,,7,25
2025,2021029935,2025-02-24,2107865,内田　湘大,63,三,6,1.0,1,3,3,0,0,0,0,0,0,0,,0,2,0,0,0,2,,,,,,,,,,,,,,,,,,,,,,
2025,2021029935,2025-02-24,2108291,ウォルターズ,94,,4,,,,,,,,,,,,,,,,,,,7,1.0,0.0,0,0,9.00,1.0,1.0,,,0,2,1,1,0,,1,0,0,,6,21
2025,2021029935,2025-02-24,2108424,仲田　侑仁,58,打,6,1.0,0,1,1,0,0,0,0,0,0,0,,0,0,0,0,0,0,,,,,,,,,,,,,,,,,,,,,,
2025,2021029935,2025-02-24,2110148,渡邉　悠斗,49,一,6,1.0,1,2,2,0,1,0,0,0,0,0,,0,0,0,0,0,1,,,,,,,,,,,,,,,,,,,,,,
2025,2021029935,2025-02-24,2112143,佐藤　啓介,94,二,6,1.0,1,3,3,0,0,0,0,0,0,0,,0,2,0,0,0,1,,,,,,,,,,,,,,,,,,,,,,
2025,2021029935,2025-02-24,2114882,ファビアン,61,左,6,1.0,1,3,3,0,1,1,0,0,0,0,,0,0,0,0,0,0,,,,,,,,,,,,,,,,,,,,,,
2025,2021029935,2025-02-24,2117228,ドミンゲス,42,,6,,,,,,,,,,,,,,,,,,,1,1.0,,0,0,0.00,2.0,2.0,,,0,3,1,0,0,,0,0,0,,10,37
2025,2021029932,2025-02-23,12113,石川　雅規,19,,2,,,,,,,,,,,,,,,,,,,1,1.0,,0,1,4.50,2.0,2.0,,,0,3,1,1,0,,1,2,0,,10,33
2025,2021029932,2025-02-23,1000132,山田　哲人,1,二,2,1.0,1,2,2,0,1,0,0,0,0,0,,0,0,0,0,0,0,,,,,,,,,,,,,,,,,,,,,,
2025,2021029932,2025-02-23,1100061,桑原　将志,1,中,3,1.0,1,3,3,0,2,0,0,0,1,0,,0,1,0,0,0,0,,,,,,,,,,,,,,,,,,,,,,
2025,2021029932,2025-02-23,1200049,三嶋　一輝,17,,3,,,,,,,,,,,,,,,,,,,4,1.0,0.0,0,0,0.00,1.0,1.0,,,0,0,0,0,0,,0,1,0,,3,7
2025,2021029932,2025-02-23,1200076,小川　泰弘,29,,2,,,,,,,,,,,,,,,,,,,2,1.0,0.0,0,0,4.50,2.0,2.0,,,0,3,1,1,0,,1,2,0,,9,35
2025,2021029932,2025-02-23,1400109,山崎　康晃,19,,3,,,,,,,,,,,,,,,,,,,5,1.0,0.0,0,0,0.00,1.0,1.0,,,0,0,0,0,0,,0,1,0,,3,11
2025,2021029932,2025-02-23,1500063,柴田　竜拓,31,三,3,1.0,0,2,2,1,0,0,0,0,0,0,,0,1,0,0,0,0,,,,,,,,,,,,,,,,,,,,,,
2025,2021029932,2025-02-23,1500064,戸柱　恭孝,10,捕,3,1.0,1,3,3,1,2,0,0,0,0,0,,0,0,0,0,0,0,,,,,,,,,,,,,,,,,,,,,,
2025,2021029932,2025-02-23,1600003,茂木　栄五郎,8,打,2,1.0,0,1,1,0,0,0,0,0,0,0,,0,1,0,0,0,0,,,,,,,,,,,,,,,,,,,,,,
2025,2021029932,2025-02-23,1600089,佐野　恵太,7,左,3,1.0,1,2,2,0,1,0,0,0,0,0,,0,0,0,0,0,0,,,,,,,,,,,,,,,,,,,,,,
2025,2021029932,2025-02-23,1600107,京田　陽太,9,一,3,1.0,1,3,3,0,1,0,0,0,0,0,,0,1,0,0,0,0,,,,,,,,,,,,,,,,,,,,,,
2025,2021029932,2025-02-23,1600121,矢崎　拓也,41,,2,,,,,,,,,,,,,,,,,,,6,1.0,0.0,0,0,0.00,1.0,1.0,,,0,1,0,0,0,,0,2,0,,4,17
2025,2021029932,2025-02-23,1600166,九鬼　隆平,116,打一,3,1.0,0,1,0,1,0,0,0,0,0,0,,1,0,0,0,0,0,,,,,,,,,,,,,,,,,,,,,,
2025,2021029932,2025-02-23,1650522,丸山　和郁,4,右,2,1.0,1,3,3,0,0,0,0,0,0,0,,0,1,0,0,0,0,,,,,,,,,,,,,,,,,,,,,,
2025,2021029932,2025-02-23,1700084,村上　宗隆,55,三,2,1.0,1,2,2,0,0,0,0,0,0,0,,0,0,0,0,0,0,,,,,,,,,,,,,,,,,,,,,,
2025,2021029932,2025-02-23,1700090,松本　直樹,32,捕,2,1.0,1,2,2,0,0,0,0,0,0,0,,0,0,0,0,0,0,,,,,,,,,,,,,,,,,,,,,,
2025,2021029932,2025-02-23,1750800,澤井　廉,42,一,2,1.0,0,2,2,0,0,0,0,0,0,0,,0,0,0,0,0,0,,,,,,,,,,,,,,,,,,,,,,
2025,2021029932,2025-02-23,1800033,清水　昇,17,,2,,,,,,,,,,,,,,,,,,,4,1.0,0.0,0,0,9.00,1.0,1.0,,,0,3,1,1,0,,0,0,0,,5,16
2025,2021029932,2025-02-23,1800048,知野　直人,60,二,3,1.0,0,3,3,0,1,1,0,0,0,0,,0,1,0,0,0,0,,,,,,,,,,,,,,,,,,,,,,
2025,2021029932,2025-02-23,1850873,度会　隆輝,4,打指,3,1.0,0,1,1,0,1,0,0,0,1,0,,0,0,0,0,0,0,,,,,,,,,,,,,,,,,,,,,,
2025,2021029932,2025-02-23,1900028,長岡　秀樹,7,指,2,1.0,1,4,4,1,1,0,0,0,0,0,,0,2,0,0,0,0,,,,,,,,,,,,,,,,,,,,,,
2025,2021029932,2025-02-23,1900029,武岡　龍世,60,走二,2,1.0,0,2,2,0,0,0,0,0,0,0,,0,0,0,0,0,0,,,,,,,,,,,,,,,,,,,,,,
2025,2021029932,2025-02-23,1900030,森　敬斗,6,遊,3,1.0,1,2,2,0,0,0,0,0,0,0,,0,0,0,0,0,0,,,,,,,,,,,,,,,,,,,,,,
2025,2021029932,2025-02-23,1900032,伊勢　大夢,13,,3,,,,,,,,,,,,,,,,,,,2,1.0,0.0,0,0,3.00,3.0,3.0,,,0,4,1,1,0,,0,3,0,,13,57
2025,2021029932,2025-02-23,1900033,東妻　純平,57,左,3,1.0,0,3,3,0,0,0,0,0,0,0,,0,2,0,0,0,0,,,,,,,,,,,,,,,,,,,,,,
2025,2021029932,2025-02-23,1900035,蝦名　達夫,61,指,3,1.0,1,4,2,1,0,0,0,0,0,0,,2,0,0,0,0,0,,,,,,,,,,,,,,,,,,,,,,
2025,2021029932,2025-02-23,1950827,加藤　響,37,打遊,3,1.0,0,3,3,0,1,0,0,0,1,0,,0,0,0,0,0,0,,,,,,,,,,,,,,,,,,,,,,
2025,2021029932,2025-02-23,1961374,ケイ,69,,3,,,,,,,,,,,,,,,,,,,1,1.0,,1,0,0.00,2.0,2.0,,,0,1,0,0,0,,0,2,0,,7,27
2025,2021029932,2025-02-23,2000026,内山　壮真,33,打捕,2,1.0,0,1,1,0,0,0,0,0,0,0,,0,0,0,0,0,0,,,,,,,,,,,,,,,,,,,,,,
2025,2021029932,2025-02-23,2000028,並木　秀尊,0,中,2,1.0,1,2,2,0,0,0,0,0,0,0,,0,1,0,0,0,0,,,,,,,,,,,,,,,,,,,,,,
2025,2021029932,2025-02-23,2000035,牧　秀悟,2,二,3,1.0,1,2,2,1,2,0,0,0,1,0,,0,0,0,0,0,0,,,,,,,,,,,,,,,,,,,,,,
2025,2021029932,2025-02-23,2000099,颯,53,,3,,,,,,,,,,,,,,,,,,,3,1.0,0.0,0,0,0.00,1.0,1.0,,,0,0,0,0,0,,0,1,0,,3,10
2025,2021029932,2025-02-23,2000133,オスナ,13,一,2,1.0,1,2,2,0,0,0,0,0,0,0,,0,1,0,0,0,0,,,,,,,,,,,,,,,,,,,,,,
2025,2021029932,2025-02-23,2000135,サンタナ,25,左,2,1.0,1,2,2,0,2,0,0,0,1,0,,0,0,0,0,0,0,,,,,,,,,,,,,,,,,,,,,,
2025,2021029932,2025-02-23,2100277,松尾　汐恩,5,捕,3,1.0,0,2,2,0,0,0,0,0,0,0,,0,1,0,0,0,0,,,,,,,,,,,,,,,,,,,,,,
2025,2021029932,2025-02-23,2102997,西村　瑠伊斗,36,走左,2,1.0,0,2,2,0,0,0,0,0,0,0,,0,1,0,0,0,1,,,,,,,,,,,,,,,,,,,,,,
2025,2021029932,2025-02-23,2103343,竹山　日向,62,,2,,,,,,,,,,,,,,,,,,,5,1.0,0.0,0,0,0.00,2.0,2.0,,,0,2,3,0,0,,3,1,0,,12,41
2025,2021029932,2025-02-23,2103696,井上　絢登,55,三右,3,1.0,1,4,4,0,0,0,0,0,0,0,,0,1,0,0,0,0,,,,,,,,,,,,,,,,,,,,,,
2025,2021029932,2025-02-23,2103703,梶原　昂希,58,右中,3,1.0,1,5,3,1,1,1,0,0,1,0,,2,1,0,0,0,0,,,,,,,,,,,,,,,,,,,,,,
2025,2021029932,2025-02-23,2103917,岩田　幸宏,64,中,2,1.0,0,0,0,0,0,0,0,0,0,0,,0,0,0,0,0,0,,,,,,,,,,,,,,,,,,,,,,
2025,2021029932,2025-02-23,2105063,橋本　星哉,93,三,2,1.0,0,2,2,0,0,0,0,0,0,0,,0,0,0,0,0,0,,,,,,,,,,,,,,,,,,,,,,
2025,2021029932,2025-02-23,2107150,バウマン,58,,2,,,,,,,,,,,,,,,,,,,3,1.0,0.0,0,0,0.00,1.0,1.0,,,0,0,0,0,0,,0,2,0,,3,18
2025,2021029932,2025-02-23,2108557,松本　凌人,34,,3,,,,,,,,,,,,,,,,,,,6,1.0,0.0,0,0,0.00,1.0,1.0,,,0,0,0,0,0,,0,0,0,,3,7
2025,2021029932,2025-02-23,2112175,伊藤　琉偉,67,遊,2,1.0,1,3,3,0,1,0,0,0,0,0,,0,1,0,0,0,0,,,,,,,,,,,,,,,,,,,,,,
2025,2021029927,2025-02-22,1000100,西川　遥輝,3,中左,2,1.0,1,2,1,0,1,0,1,0,0,0,,1,0,0,0,0,0,,,,,,,,,,,,,,,,,,,,,,
2025,2021029927,2025-02-22,1100095,松本　剛,7,打左,8,1.0,0,2,2,0,1,0,0,0,0,0,,0,0,0,0,0,0,,,,,,,,,,,,,,,,,,,,,,
2025,2021029927,2025-02-22,1200055,福谷　浩司,41,,8,,,,,,,,,,,,,,,,,,,2,1.0,0.0,0,0,0.00,2.0,2.0,,,0,2,0,0,0,,1,2,0,,7,24
2025,2021029927,2025-02-22,1200100,伏見　寅威,23,捕,8,1.0,1,2,2,0,1,0,0,0,1,0,,0,1,0,0,0,0,,,,,,,,,,,,,,,,,,,,,,
2025,2021029927,2025-02-22,1251037,上川畑　大悟,4,遊,8,1.0,1,4,4,0,1,0,0,0,0,0,,0,0,0,0,0,0,,,,,,,,,,,,,,,,,,,,,,
2025,2021029927,2025-02-22,1300045,高梨　裕稔,40,,2,,,,,,,,,,,,,,,,,,,4,1.0,0.0,0,0,0.00,2.0,2.0,,,1,0,0,0,0,,0,2,0,,6,26
2025,2021029927,2025-02-22,1400119,淺間　大基,8,打右,8,1.0,0,2,2,0,0,0,0,0,0,0,,0,0,0,0,0,0,,,,,,,,,,,,,,,,,,,,,,
2025,2021029927,2025-02-22,1500110,加藤　貴之,14,,8,,,,,,,,,,,,,,,,,,,1,1.0,,0,0,0.00,2.0,2.0,,,0,1,0,0,0,,1,1,0,,7,29
2025,2021029927,2025-02-22,1600003,茂木　栄五郎,8,二,2,1.0,1,2,2,0,0,0,0,0,0,0,,0,0,0,0,0,1,,,,,,,,,,,,,,,,,,,,,,
2025,2021029927,2025-02-22,1600078,古賀　優大,2,捕,2,1.0,1,2,2,0,0,0,0,0,0,0,,0,1,0,0,0,0,,,,,,,,,,,,,,,,,,,,,,
2025,2021029927,2025-02-22,1600093,池田　隆英,52,,8,,,,,,,,,,,,,,,,,,,5,1.0,0.0,0,1,9.00,1.0,1.0,,,0,1,1,1,0,,1,0,0,,5,29
2025,2021029927,2025-02-22,1600134,石井　一成,38,打二,8,1.0,0,1,0,0,0,0,0,0,0,0,,0,0,1,0,0,0,,,,,,,,,,,,,,,,,,,,,,
2025,2021029927,2025-02-22,1600164,田中　正義,26,,8,,,,,,,,,,,,,,,,,,,4,1.0,0.0,0,0,0.00,1.0,1.0,,,0,1,0,0,0,,0,1,0,,4,21
2025,2021029927,2025-02-22,1650522,丸山　和郁,4,走右,2,1.0,0,1,1,2,1,0,0,0,0,2,,0,0,0,0,0,0,,,,,,,,,,,,,,,,,,,,,,
2025,2021029927,2025-02-22,1700025,清宮　幸太郎,21,三,8,1.0,1,4,3,0,1,0,0,0,0,0,,1,0,0,0,0,0,,,,,,,,,,,,,,,,,,,,,,
2025,2021029927,2025-02-22,1700047,若林　晃弘,49,二,8,1.0,1,2,2,0,0,0,0,0,0,0,,0,0,0,0,0,0,,,,,,,,,,,,,,,,,,,,,,
2025,2021029927,2025-02-22,1700084,村上　宗隆,55,三,2,1.0,1,2,1,0,0,0,0,0,0,0,,1,1,0,0,0,0,,,,,,,,,,,,,,,,,,,,,,
2025,2021029927,2025-02-22,1700088,金久保　優斗,48,,2,,,,,,,,,,,,,,,,,,,2,1.0,0.0,0,0,0.00,3.0,3.0,,,0,2,0,0,0,,0,2,0,,12,40
2025,2021029927,2025-02-22,1700090,松本　直樹,32,打捕,2,1.0,0,1,1,0,0,0,0,0,1,0,,0,0,0,0,0,0,,,,,,,,,,,,,,,,,,,,,,
2025,2021029927,2025-02-22,1700131,増田　珠,63,一,2,1.0,0,2,2,0,0,0,0,0,0,0,,0,0,0,0,0,0,,,,,,,,,,,,,,,,,,,,,,
2025,2021029927,2025-02-22,1750696,松本　健吾,28,,2,,,,,,,,,,,,,,,,,,,1,1.0,,0,0,0.00,3.0,3.0,,,0,3,1,0,0,,2,1,0,,14,61
2025,2021029927,2025-02-22,1750800,澤井　廉,42,打指,2,1.0,0,1,0,0,0,0,0,0,0,0,,1,0,0,0,0,0,,,,,,,,,,,,,,,,,,,,,,
2025,2021029927,2025-02-22,1800036,濱田　太貴,51,指,2,1.0,1,2,2,0,0,0,0,0,0,0,,0,0,0,0,0,0,,,,,,,,,,,,,,,,,,,,,,
2025,2021029927,2025-02-22,1800091,野村　佑希,5,一,8,1.0,1,4,4,0,0,0,0,0,0,0,,0,2,0,0,0,0,,,,,,,,,,,,,,,,,,,,,,
2025,2021029927,2025-02-22,1800093,万波　中正,66,右,8,1.0,1,2,2,0,0,0,0,0,0,0,,0,1,0,0,0,0,,,,,,,,,,,,,,,,,,,,,,
2025,2021029927,2025-02-22,1800095,田宮　裕涼,64,打捕,8,1.0,0,2,2,0,0,0,0,0,0,0,,0,0,0,0,0,0,,,,,,,,,,,,,,,,,,,,,,
2025,2021029927,2025-02-22,1800110,水谷　瞬,53,左,8,1.0,1,2,1,1,0,0,0,0,0,0,,1,0,0,0,0,0,,,,,,,,,,,,,,,,,,,,,,
2025,2021029927,2025-02-22,1860140,レイエス,99,指,8,1.0,1,3,3,0,0,0,0,0,0,0,,0,0,0,0,0,0,,,,,,,,,,,,,,,,,,,,,,
2025,2021029927,2025-02-22,1900028,長岡　秀樹,7,遊,2,1.0,1,2,2,0,1,0,0,0,0,0,,0,1,0,0,0,0,,,,,,,,,,,,,,,,,,,,,,
2025,2021029927,2025-02-22,1900029,武岡　龍世,60,遊,2,1.0,0,2,2,0,0,0,0,0,0,0,,0,0,0,0,0,0,,,,,,,,,,,,,,,,,,,,,,
2025,2021029927,2025-02-22,1900061,宮川　哲,61,,2,,,,,,,,,,,,,,,,,,,3,1.0,0.0,1,0,0.00,1.0,1.0,,,0,0,0,0,0,,0,0,1,,3,7
2025,2021029927,2025-02-22,1900070,河野　竜生,28,,8,,,,,,,,,,,,,,,,,,,6,1.0,0.0,0,0,0.00,1.0,1.0,,,0,1,0,0,0,,0,0,0,,4,16
2025,2021029927,2025-02-22,2000028,並木　秀尊,0,走左,2,1.0,0,1,1,0,0,0,0,0,0,1,,0,0,0,0,0,0,,,,,,,,,,,,,,,,,,,,,,
2025,2021029927,2025-02-22,2000031,赤羽　由紘,0,右,2,1.0,1,2,1,0,1,0,0,0,1,1,,1,0,0,0,0,0,,,,,,,,,,,,,,,,,,,,,,
2025,2021029927,2025-02-22,2000080,五十幡　亮汰,50,中,8,1.0,1,4,3,0,1,0,0,0,0,1,,0,0,0,1,0,0,,,,,,,,,,,,,,,,,,,,,,
2025,2021029927,2025-02-22,2000084,今川　優馬,61,打指,8,1.0,0,1,1,0,0,0,0,0,0,0,,0,1,0,0,0,0,,,,,,,,,,,,,,,,,,,,,,
2025,2021029927,2025-02-22,2000133,オスナ,13,一,2,1.0,1,2,2,0,0,0,0,0,0,0,,0,0,0,0,0,0,,,,,,,,,,,,,,,,,,,,,,
2025,2021029927,2025-02-22,2000135,サンタナ,25,左,2,1.0,1,2,2,0,1,0,0,0,0,0,,0,0,0,0,0,0,,,,,,,,,,,,,,,,,,,,,,
2025,2021029927,2025-02-22,2050261,松浦　慶斗,55,,8,,,,,,,,,,,,,,,,,,,3,1.0,0.0,0,0,9.00,1.0,1.0,,,0,1,1,1,0,,1,0,0,,5,23
2025,2021029927,2025-02-22,2102997,西村　瑠伊斗,36,三,2,1.0,0,2,2,0,1,0,0,0,0,0,,0,1,0,0,0,1,,,,,,,,,,,,,,,,,,,,,,
2025,2021029927,2025-02-22,2103917,岩田　幸宏,64,走中,2,1.0,0,2,2,0,0,0,0,0,0,0,,0,0,0,0,0,0,,,,,,,,,,,,,,,,,,,,,,
2025,2021029927,2025-02-22,2112175,伊藤　琉偉,67,二,2,1.0,0,2,2,0,1,0,0,0,0,0,,0,0,0,0,0,0,,,,,,,,,,,,,,,,,,,,,,
2025,2021029928,2025-02-22,1000175,牧原　大成,8,二,12,1.0,1,3,2,0,0,0,0,0,1,0,,0,0,0,0,1,0,,,,,,,,,,,,,,,,,,,,,,
2025,2021029928,2025-02-22,1100099,上沢　直之,10,,12,,,,,,,,,,,,,,,,,,,1,1.0,,1,0,0.00,2.0,2.0,,,0,0,0,0,0,,0,2,0,,6,23
2025,2021029928,2025-02-22,1200106,東浜　巨,16,,12,,,,,,,,,,,,,,,,,,,2,1.0,0.0,0,0,0.00,2.0,2.0,,,0,1,0,0,0,,1,2,0,,8,29
2025,2021029928,2025-02-22,1300063,又吉　克樹,14,,12,,,,,,,,,,,,,,,,,,,3,1.0,0.0,0,0,0.00,1.0,1.0,,,0,1,0,0,0,,1,0,0,,5,30
2025,2021029928,2025-02-22,1300093,嶺井　博希,12,捕,12,1.0,0,2,2,0,1,0,0,0,2,0,,0,0,0,0,0,0,,,,,,,,,,,,,,,,,,,,,,
2025,2021029928,2025-02-22,1300109,若月　健矢,2,捕,11,1.0,1,2,2,0,1,0,0,0,0,0,,0,0,0,0,0,0,,,,,,,,,,,,,,,,,,,,,,
2025,2021029928,2025-02-22,1400127,栗原　陵矢,24,三,12,1.0,1,3,2,0,2,0,0,0,1,0,,1,0,0,0,0,0,,,,,,,,,,,,,,,,,,,,,,
2025,2021029928,2025-02-22,1400196,宗　佑磨,6,三,11,1.0,1,2,1,0,0,0,0,0,0,0,,1,1,0,0,0,0,,,,,,,,,,,,,,,,,,,,,,
2025,2021029928,2025-02-22,1500041,廣岡　大志,30,一,11,1.0,0,1,1,0,0,0,0,0,0,0,,0,0,0,0,0,0,,,,,,,,,,,,,,,,,,,,,,
2025,2021029928,2025-02-22,1500096,西川　龍馬,7,左,11,1.0,1,2,1,0,0,0,0,0,0,0,,1,0,0,0,0,0,,,,,,,,,,,,,,,,,,,,,,
2025,2021029928,2025-02-22,1500104,本田　圭佑,60,,11,,,,,,,,,,,,,,,,,,,3,1.0,0.0,0,0,0.00,1.0,1.0,,,0,0,0,0,0,,0,1,0,,3,12
2025,2021029928,2025-02-22,1500135,杉本　裕太郎,99,右,11,1.0,1,3,3,0,0,0,0,0,0,0,,0,2,0,0,0,0,,,,,,,,,,,,,,,,,,,,,,
2025,2021029928,2025-02-22,1600114,小野　泰己,130,,11,,,,,,,,,,,,,,,,,,,7,1.0,0.0,0,0,18.00,1.0,1.0,,,0,4,2,2,0,,1,2,0,,8,32
2025,2021029928,2025-02-22,1600155,山崎　颯一郎,21,,11,,,,,,,,,,,,,,,,,,,6,1.0,0.0,0,0,0.00,1.0,1.0,,,0,0,0,0,0,,0,0,0,,3,10
2025,2021029928,2025-02-22,1650056,福永　奨,32,捕,11,1.0,0,1,1,0,0,0,0,0,0,0,,0,0,0,0,0,0,,,,,,,,,,,,,,,,,,,,,,
2025,2021029928,2025-02-22,1650722,杉澤　龍,33,中,11,1.0,0,1,1,0,0,0,0,0,0,0,,0,1,0,0,0,0,,,,,,,,,,,,,,,,,,,,,,
2025,2021029928,2025-02-22,1650813,川村　友斗,61,右,12,1.0,1,3,3,1,2,0,1,0,0,0,,0,0,0,0,0,0,,,,,,,,,,,,,,,,,,,,,,
2025,2021029928,2025-02-22,1700109,田嶋　大樹,29,,11,,,,,,,,,,,,,,,,,,,1,1.0,,0,1,4.50,2.0,2.0,,,0,3,1,1,1,,1,1,0,,9,36
2025,2021029928,2025-02-22,1700112,本田　仁海,46,,11,,,,,,,,,,,,,,,,,,,4,1.0,0.0,0,0,9.00,1.0,1.0,,,0,2,1,1,0,,1,0,0,,5,12
2025,2021029928,2025-02-22,1700133,田浦　文丸,56,,12,,,,,,,,,,,,,,,,,,,6,1.0,0.0,0,0,0.00,1.0,1.0,,,0,0,0,0,0,,0,2,0,,3,16
2025,2021029928,2025-02-22,1700134,尾形　崇斗,39,,12,,,,,,,,,,,,,,,,,,,7,1.0,0.0,0,0,0.00,1.0,1.0,,,0,1,0,0,0,,0,1,0,,4,9
2025,2021029928,2025-02-22,1700136,リチャード,52,一,12,1.0,1,4,3,0,1,0,0,0,0,0,,1,1,0,0,0,0,,,,,,,,,,,,,,,,,,,,,,
2025,2021029928,2025-02-22,1750207,大里　昂生,64,二,11,1.0,0,2,2,0,1,0,0,0,0,0,,0,0,0,0,0,0,,,,,,,,,,,,,,,,,,,,,,
2025,2021029928,2025-02-22,1751068,野口　智哉,9,遊,11,1.0,0,1,1,0,0,0,0,0,0,0,,0,0,0,0,0,0,,,,,,,,,,,,,,,,,,,,,,
2025,2021029928,2025-02-22,1800098,太田　椋,31,二,11,1.0,1,2,2,0,0,0,0,0,0,0,,0,1,0,0,0,0,,,,,,,,,,,,,,,,,,,,,,
2025,2021029928,2025-02-22,1800099,頓宮　裕真,44,一,11,1.0,1,3,3,0,0,0,0,0,0,0,,0,1,0,0,0,0,,,,,,,,,,,,,,,,,,,,,,
2025,2021029928,2025-02-22,1800104,中川　圭太,67,中,11,1.0,1,3,3,0,0,0,0,0,0,0,,0,0,0,0,0,0,,,,,,,,,,,,,,,,,,,,,,
2025,2021029928,2025-02-22,1800107,杉山　一樹,40,,12,,,,,,,,,,,,,,,,,,,5,1.0,0.0,0,0,0.00,1.0,1.0,,,0,0,0,0,0,,0,2,0,,3,10
2025,2021029928,2025-02-22,1900088,紅林　弘太郎,24,遊,11,1.0,1,2,2,0,0,0,0,0,0,0,,0,0,0,0,0,0,,,,,,,,,,,,,,,,,,,,,,
2025,2021029928,2025-02-22,1900089,村西　良太,122,,11,,,,,,,,,,,,,,,,,,,5,1.0,0.0,0,0,9.00,1.0,1.0,,,0,1,1,1,0,,0,1,0,,4,13
2025,2021029928,2025-02-22,1900100,佐藤　直樹,30,右,12,1.0,0,1,1,1,1,0,0,0,0,1,,0,0,0,0,0,0,,,,,,,,,,,,,,,,,,,,,,
2025,2021029928,2025-02-22,1900101,海野　隆司,62,捕,12,1.0,1,2,2,0,0,0,0,0,0,0,,0,0,0,0,0,0,,,,,,,,,,,,,,,,,,,,,,
2025,2021029928,2025-02-22,1900102,津森　宥紀,11,,12,,,,,,,,,,,,,,,,,,,4,1.0,0.0,0,0,0.00,1.0,1.0,,,0,0,0,0,0,,0,1,0,,3,17
2025,2021029928,2025-02-22,1900104,柳町　達,32,左,12,1.0,0,1,1,0,0,0,0,0,0,0,,0,0,0,0,0,0,,,,,,,,,,,,,,,,,,,,,,
2025,2021029928,2025-02-22,1900105,石塚　綜一郎,55,指,12,1.0,1,3,3,0,0,0,0,0,0,0,,0,0,0,0,0,0,,,,,,,,,,,,,,,,,,,,,,
2025,2021029928,2025-02-22,1950149,庄子　雄大,25,遊,12,1.0,0,1,1,0,1,0,0,0,0,0,,0,0,0,0,0,0,,,,,,,,,,,,,,,,,,,,,,
2025,2021029928,2025-02-22,2000098,来田　涼斗,38,走指,11,1.0,0,1,1,0,0,0,0,0,0,0,,0,1,0,0,0,0,,,,,,,,,,,,,,,,,,,,,,
2025,2021029928,2025-02-22,2000108,井上　朋也,43,三,12,1.0,0,2,2,0,0,0,0,0,0,0,,0,1,0,0,0,0,,,,,,,,,,,,,,,,,,,,,,
2025,2021029928,2025-02-22,2000109,笹川　吉康,44,中,12,1.0,1,5,5,2,2,0,0,0,0,1,,0,1,0,0,0,0,,,,,,,,,,,,,,,,,,,,,,
2025,2021029928,2025-02-22,2000117,緒方　理貢,57,走指,12,1.0,0,0,0,1,0,0,0,0,0,1,,0,0,0,0,0,0,,,,,,,,,,,,,,,,,,,,,,
2025,2021029928,2025-02-22,2050254,池田　陵真,39,走左,11,1.0,0,2,2,0,0,0,0,0,0,0,,0,2,0,0,0,0,,,,,,,,,,,,,,,,,,,,,,
2025,2021029928,2025-02-22,2100447,山下　恭吾,159,二,12,1.0,0,1,1,0,1,0,0,0,0,0,,0,0,0,0,0,0,,,,,,,,,,,,,,,,,,,,,,
2025,2021029928,2025-02-22,2101257,ダウンズ,4,遊,12,1.0,1,4,3,2,1,0,0,1,1,0,,1,2,0,0,0,0,,,,,,,,,,,,,,,,,,,,,,
2025,2021029928,2025-02-22,2103700,大友　宗,125,打指,12,1.0,0,1,0,0,0,0,0,0,0,0,,1,0,0,0,0,0,,,,,,,,,,,,,,,,,,,,,,
2025,2021029928,2025-02-22,2103713,権田　琉成,98,,11,,,,,,,,,,,,,,,,,,,2,1.0,0.0,0,0,18.00,1.0,1.0,,,0,2,2,2,0,,2,0,0,,7,28
2025,2021029928,2025-02-22,2103735,正木　智也,31,左,12,1.0,1,3,1,0,0,0,0,0,1,0,,1,0,0,0,1,0,,,,,,,,,,,,,,,,,,,,,,
2025,2021029928,2025-02-22,2103747,渡部　遼人,0,右,11,1.0,0,1,1,0,0,0,0,0,0,0,,0,0,0,0,0,0,,,,,,,,,,,,,,,,,,,,,,
2025,2021029928,2025-02-22,2108276,ディアス,54,指,11,1.0,1,2,2,0,1,0,0,0,0,0,,0,0,0,0,0,0,,,,,,,,,,,,,,,,,,,,,,
2025,2021029928,2025-02-22,2111290,横山　聖哉,34,三,11,1.0,0,1,1,0,0,0,0,0,0,0,,0,1,0,0,0,0,,,,,,,,,,,,,,,,,,,,,,
