season,game_id,game_date,player_id,player_name_jap,player_name,player_jersey_number,position,team_id,batting_G,batting_GS,batting_PA,batting_AB,batting_R,batting_H,batting_2B,batting_3B,batting_HR,batting_RBI,batting_SB,batting_CS,batting_BB,batting_SO,batting_HBP,batting_SH,batting_SF,batting_E,pitcher_order_number,pitching_G,pitching_GS,pitching_W,pitching_L,pitching_ERA,pitching_IP,pitching_IP_str,pitching_CG,pitching_SHO,pitching_SV,pitching_H,pitching_R,pitching_ER,pitching_HR,pitching_IBB,pitching_BB,pitching_SO,pitching_HBP,pitching_BK,pitching_BF,pitching_PI
2026,2021048567,2026-10-01,800043,丸 佳浩,,8,左,1,1.0,1.0,4.0,4.0,0.0,0.0,0.0,0.0,0.0,0.0,0.0,,0.0,1.0,0.0,0.0,0.0,0.0,,,,,,,,,,,,,,,,,,,,,,
2026,2021048567,2026-10-01,1100095,松本 剛,,9,中左,1,1.0,1.0,6.0,6.0,0.0,1.0,0.0,0.0,0.0,0.0,0.0,,0.0,1.0,0.0,0.0,0.0,0.0,,,,,,,,,,,,,,,,,,,,,,
2026,2021048567,2026-10-01,1200100,伏見 寅威,,17,打捕,5,1.0,0.0,1.0,1.0,0.0,0.0,0.0,0.0,0.0,0.0,0.0,,0.0,1.0,0.0,0.0,0.0,0.0,,,,,,,,,,,,,,,,,,,,,,
2026,2021048567,2026-10-01,1300027,小林 誠司,,22,捕,1,1.0,0.0,2.0,2.0,0.0,0.0,0.0,0.0,0.0,0.0,0.0,,0.0,2.0,0.0,0.0,0.0,0.0,,,,,,,,,,,,,,,,,,,,,,
2026,2021048567,2026-10-01,1300075,岩崎 優,Iwasaki Yuu,13,投,5,1.0,0.0,0.0,0.0,0.0,0.0,0.0,0.0,0.0,0.0,0.0,,0.0,0.0,0.0,0.0,0.0,0.0,6.0,1.0,0.0,3.0,3.0,2.72,1.0,1.0,,,11.0,1.0,0.0,0.0,0.0,,0.0,1.0,0.0,,4.0,14.0
2026,2021048567,2026-10-01,1400172,植田 海,,62,走,5,1.0,0.0,0.0,0.0,0.0,0.0,0.0,0.0,0.0,0.0,1.0,,0.0,0.0,0.0,0.0,0.0,0.0,,,,,,,,,,,,,,,,,,,,,,
2026,2021048567,2026-10-01,1450977,森田 駿哉,Morita Shun kana,47,投,1,1.0,0.0,0.0,0.0,0.0,0.0,0.0,0.0,0.0,0.0,0.0,,0.0,0.0,0.0,0.0,0.0,0.0,3.0,1.0,0.0,0.0,0.0,2.72,1.0,1.0,,,0.0,1.0,0.0,0.0,0.0,,1.0,2.0,0.0,,5.0,24.0
2026,2021048567,2026-10-01,1500052,中川 皓太,Nakagawa Kouta,41,投,1,1.0,0.0,0.0,0.0,0.0,0.0,0.0,0.0,0.0,0.0,0.0,,0.0,0.0,0.0,0.0,0.0,0.0,5.0,1.0,0.0,3.0,1.0,2.17,0.3333333333333333,0.1,,,0.0,0.0,0.0,0.0,0.0,,0.0,1.0,0.0,,1.0,4.0
2026,2021048567,2026-10-01,1500087,坂本 誠志郎,,12,捕,5,1.0,1.0,5.0,4.0,0.0,2.0,0.0,0.0,0.0,0.0,0.0,,0.0,1.0,0.0,1.0,0.0,0.0,,,,,,,,,,,,,,,,,,,,,,
2026,2021048567,2026-10-01,1561820,ダルベック,,29,打,1,1.0,0.0,1.0,1.0,0.0,0.0,0.0,0.0,0.0,0.0,0.0,,0.0,1.0,0.0,0.0,0.0,0.0,,,,,,,,,,,,,,,,,,,,,,
2026,2021048567,2026-10-01,1600033,ドリス,Doris,98,投,5,1.0,0.0,0.0,0.0,0.0,0.0,0.0,0.0,0.0,0.0,0.0,,0.0,0.0,0.0,0.0,0.0,0.0,4.0,1.0,0.0,2.0,3.0,1.85,1.0,1.0,,,19.0,0.0,0.0,0.0,0.0,,0.0,2.0,0.0,,3.0,12.0
2026,2021048567,2026-10-01,1600059,吉川 尚輝,,2,二,1,1.0,1.0,5.0,4.0,0.0,1.0,0.0,0.0,0.0,2.0,0.0,,0.0,2.0,0.0,0.0,1.0,0.0,,,,,,,,,,,,,,,,,,,,,,
2026,2021048567,2026-10-01,1600113,大山 悠輔,,3,一,5,1.0,1.0,6.0,6.0,1.0,2.0,0.0,0.0,1.0,2.0,0.0,,0.0,0.0,0.0,0.0,0.0,0.0,,,,,,,,,,,,,,,,,,,,,,
2026,2021048567,2026-10-01,1600117,糸原 健斗,,33,打,5,1.0,0.0,1.0,1.0,0.0,0.0,0.0,0.0,0.0,0.0,0.0,,0.0,0.0,0.0,0.0,0.0,0.0,,,,,,,,,,,,,,,,,,,,,,
2026,2021048567,2026-10-01,1700010,マルティネス,Marutinesu,92,投,1,1.0,0.0,0.0,0.0,0.0,0.0,0.0,0.0,0.0,0.0,0.0,,0.0,0.0,0.0,0.0,0.0,0.0,6.0,1.0,0.0,5.0,4.0,1.38,1.0,1.0,,,42.0,2.0,1.0,1.0,0.0,,1.0,0.0,0.0,,6.0,28.0
2026,2021048567,2026-10-01,1700027,田中 瑛斗,Tanaka Akira To,45,投,1,1.0,0.0,0.0,0.0,0.0,0.0,0.0,0.0,0.0,0.0,0.0,,0.0,0.0,0.0,0.0,0.0,0.0,4.0,1.0,0.0,3.0,3.0,1.52,0.6666666666666666,0.2,,,2.0,1.0,0.0,0.0,0.0,,0.0,0.0,0.0,,3.0,10.0
2026,2021048567,2026-10-01,1700044,大城 卓三,,24,捕,1,1.0,1.0,4.0,3.0,1.0,1.0,1.0,0.0,0.0,0.0,0.0,,1.0,0.0,0.0,0.0,0.0,0.0,,,,,,,,,,,,,,,,,,,,,,
2026,2021048567,2026-10-01,1700079,熊谷 敬宥,,4,走左,5,1.0,0.0,1.0,1.0,0.0,0.0,0.0,0.0,0.0,0.0,0.0,,0.0,0.0,0.0,0.0,0.0,0.0,,,,,,,,,,,,,,,,,,,,,,
2026,2021048567,2026-10-01,1700136,リチャード,,52,三,1,1.0,1.0,4.0,3.0,0.0,1.0,0.0,0.0,0.0,0.0,0.0,,0.0,1.0,1.0,0.0,0.0,0.0,,,,,,,,,,,,,,,,,,,,,,
2026,2021048567,2026-10-01,1750321,泉口 友汰,,35,遊,1,1.0,1.0,6.0,4.0,0.0,0.0,0.0,0.0,0.0,0.0,0.0,,2.0,0.0,0.0,0.0,0.0,0.0,,,,,,,,,,,,,,,,,,,,,,
2026,2021048567,2026-10-01,1800024,増田 陸,,61,一,1,1.0,1.0,5.0,4.0,0.0,3.0,0.0,0.0,0.0,0.0,0.0,,1.0,1.0,0.0,0.0,0.0,0.0,,,,,,,,,,,,,,,,,,,,,,
2026,2021048567,2026-10-01,1800065,近本 光司,,5,中,5,1.0,1.0,6.0,4.0,0.0,1.0,0.0,0.0,0.0,0.0,1.0,,2.0,0.0,0.0,0.0,0.0,0.0,,,,,,,,,,,,,,,,,,,,,,
2026,2021048567,2026-10-01,1800067,木浪 聖也,,0,打,5,1.0,0.0,1.0,1.0,0.0,0.0,0.0,0.0,0.0,0.0,0.0,,0.0,1.0,0.0,0.0,0.0,0.0,,,,,,,,,,,,,,,,,,,,,,
2026,2021048567,2026-10-01,1850035,西舘 勇陽,Nishidate Isamu Hi,17,投,1,1.0,0.0,0.0,0.0,0.0,0.0,0.0,0.0,0.0,0.0,0.0,,0.0,0.0,0.0,0.0,0.0,0.0,2.0,1.0,0.0,2.0,4.0,2.89,1.0,1.0,,,0.0,2.0,1.0,1.0,1.0,,0.0,2.0,0.0,,5.0,25.0
2026,2021048567,2026-10-01,1850183,森下 翔太,,1,右,5,1.0,1.0,5.0,2.0,0.0,1.0,0.0,0.0,0.0,0.0,0.0,,3.0,0.0,0.0,0.0,0.0,0.0,,,,,,,,,,,,,,,,,,,,,,
2026,2021048567,2026-10-01,1900016,堀田 賢慎,Hotta Ken Makoto,91,投,1,1.0,0.0,0.0,0.0,0.0,0.0,0.0,0.0,0.0,0.0,0.0,,0.0,0.0,0.0,0.0,0.0,0.0,7.0,1.0,0.0,1.0,1.0,0.7,0.6666666666666666,0.2,,,0.0,1.0,0.0,0.0,0.0,,0.0,1.0,0.0,,3.0,11.0
2026,2021048567,2026-10-01,1900046,及川 雅貴,Oikawa Masataka,37,投,5,1.0,0.0,0.0,0.0,0.0,0.0,0.0,0.0,0.0,0.0,0.0,,0.0,0.0,0.0,0.0,0.0,0.0,3.0,1.0,0.0,2.0,1.0,3.92,1.0,1.0,,,0.0,1.0,1.0,1.0,0.0,,1.0,1.0,0.0,,5.0,20.0
2026,2021048567,2026-10-01,1900050,小野寺 暖,,60,右,5,1.0,0.0,0.0,0.0,0.0,0.0,0.0,0.0,0.0,0.0,0.0,,0.0,0.0,0.0,0.0,0.0,0.0,,,,,,,,,,,,,,,,,,,,,,
2026,2021048567,2026-10-01,1950996,前川 右京,,58,打,5,1.0,0.0,1.0,1.0,0.0,0.0,0.0,0.0,0.0,0.0,0.0,,0.0,1.0,0.0,0.0,0.0,0.0,,,,,,,,,,,,,,,,,,,,,,
2026,2021048567,2026-10-01,2000027,元山 飛優,,0,遊,5,1.0,1.0,6.0,5.0,0.0,2.0,0.0,0.0,0.0,0.0,0.0,,0.0,0.0,0.0,1.0,0.0,0.0,,,,,,,,,,,,,,,,,,,,,,
2026,2021048567,2026-10-01,2000051,佐藤 輝明,,8,三,5,1.0,1.0,6.0,6.0,0.0,1.0,1.0,0.0,0.0,0.0,0.0,,0.0,2.0,0.0,0.0,0.0,0.0,,,,,,,,,,,,,,,,,,,,,,
2026,2021048567,2026-10-01,2000055,村上 頌樹,Murakami Shouju,41,投,5,1.0,1.0,2.0,2.0,0.0,1.0,1.0,0.0,0.0,0.0,0.0,,0.0,1.0,0.0,0.0,0.0,0.0,1.0,1.0,,10.0,9.0,1.85,5.0,5.0,,,0.0,4.0,1.0,1.0,0.0,,2.0,5.0,1.0,,22.0,104.0
2026,2021048567,2026-10-01,2000056,中野 拓夢,,7,二,5,1.0,1.0,6.0,4.0,1.0,2.0,1.0,0.0,0.0,0.0,0.0,,1.0,2.0,1.0,0.0,0.0,0.0,,,,,,,,,,,,,,,,,,,,,,
2026,2021048567,2026-10-01,2000057,高寺 望夢,,67,左右,5,1.0,1.0,6.0,6.0,0.0,2.0,0.0,0.0,0.0,0.0,0.0,,0.0,3.0,0.0,0.0,0.0,0.0,,,,,,,,,,,,,,,,,,,,,,
2026,2021048567,2026-10-01,2000058,石井 大智,Ishii Taichi,69,投,5,1.0,0.0,0.0,0.0,0.0,0.0,0.0,0.0,0.0,0.0,0.0,,0.0,0.0,0.0,0.0,0.0,0.0,7.0,1.0,0.0,1.0,2.0,5.0,1.0,1.0,,,0.0,0.0,0.0,0.0,0.0,,0.0,1.0,0.0,,3.0,20.0
2026,2021048567,2026-10-01,2050423,代木 大和,Daimoku Yamato,25,投,1,1.0,0.0,0.0,0.0,0.0,0.0,0.0,0.0,0.0,0.0,0.0,,0.0,0.0,0.0,0.0,0.0,0.0,8.0,1.0,0.0,1.0,0.0,2.28,2.333333333333333,2.1,,,0.0,0.0,0.0,0.0,0.0,,1.0,2.0,1.0,,9.0,26.0
2026,2021048567,2026-10-01,2100225,笹原 操希,,95,走,1,1.0,0.0,0.0,0.0,1.0,0.0,0.0,0.0,0.0,0.0,0.0,,0.0,0.0,0.0,0.0,0.0,0.0,,,,,,,,,,,,,,,,,,,,,,
2026,2021048567,2026-10-01,2106178,佐々木 俊輔,,44,打中,1,1.0,0.0,3.0,3.0,0.0,0.0,0.0,0.0,0.0,0.0,0.0,,0.0,1.0,0.0,0.0,0.0,0.0,,,,,,,,,,,,,,,,,,,,,,
2026,2021048567,2026-10-01,2107874,門脇 誠,,5,走三,1,1.0,0.0,1.0,1.0,0.0,0.0,0.0,0.0,0.0,0.0,0.0,,0.0,1.0,0.0,0.0,0.0,0.0,,,,,,,,,,,,,,,,,,,,,,
2026,2021048567,2026-10-01,2112146,工藤 泰成,Kudou Yasunari,49,投,5,1.0,0.0,0.0,0.0,0.0,0.0,0.0,0.0,0.0,0.0,0.0,,0.0,0.0,0.0,0.0,0.0,0.0,5.0,1.0,0.0,3.0,0.0,0.92,1.0,1.0,,,11.0,0.0,0.0,0.0,0.0,,1.0,2.0,0.0,,4.0,22.0
2026,2021048567,2026-10-01,2112330,平山 功太,,69,右,1,1.0,1.0,5.0,5.0,0.0,0.0,0.0,0.0,0.0,0.0,0.0,,0.0,1.0,0.0,0.0,0.0,0.0,,,,,,,,,,,,,,,,,,,,,,
2026,2021048567,2026-10-01,2112444,木下 里都,Kinoshita Sato To,54,投,5,1.0,0.0,1.0,1.0,0.0,0.0,0.0,0.0,0.0,0.0,0.0,,0.0,0.0,0.0,0.0,0.0,0.0,2.0,1.0,0.0,4.0,2.0,1.68,2.0,2.0,,,0.0,1.0,0.0,0.0,0.0,,0.0,1.0,0.0,,7.0,22.0
2026,2021048567,2026-10-01,2118993,竹丸 和幸,Takemaru Kazuyuki,21,投,1,1.0,1.0,2.0,2.0,0.0,0.0,0.0,0.0,0.0,0.0,0.0,,0.0,1.0,0.0,0.0,0.0,0.0,1.0,1.0,,11.0,9.0,3.27,5.0,5.0,,,0.0,7.0,0.0,0.0,0.0,,3.0,4.0,0.0,,22.0,81.0
2026,2021048568,2026-10-02,1000138,大野 雄大,Oono Yuudai,22,投,4,1.0,1.0,2.0,1.0,0.0,0.0,0.0,0.0,0.0,0.0,0.0,,0.0,0.0,0.0,1.0,0.0,0.0,1.0,1.0,,10.0,7.0,2.45,6.0,6.0,,,0.0,5.0,4.0,4.0,2.0,,1.0,4.0,0.0,,23.0,83.0
2026,2021048568,2026-10-02,1100082,菊池 涼介,,33,二,6,1.0,1.0,4.0,3.0,0.0,1.0,0.0,0.0,0.0,1.0,0.0,,0.0,2.0,0.0,0.0,1.0,0.0,,,,,,,,,,,,,,,,,,,,,,
2026,2021048568,2026-10-02,1561854,サノー,,23,一,4,1.0,1.0,3.0,3.0,0.0,0.0,0.0,0.0,0.0,0.0,0.0,,0.0,2.0,0.0,0.0,0.0,0.0,,,,,,,,,,,,,,,,,,,,,,
2026,2021048568,2026-10-02,1600085,細川 成也,,55,左,4,1.0,1.0,4.0,4.0,1.0,1.0,0.0,0.0,1.0,1.0,0.0,,0.0,1.0,0.0,0.0,0.0,0.0,,,,,,,,,,,,,,,,,,,,,,
2026,2021048568,2026-10-02,1600123,床田 寛樹,Tokoda Hiroki,19,投,6,1.0,1.0,3.0,3.0,1.0,2.0,0.0,0.0,0.0,0.0,0.0,,0.0,0.0,0.0,0.0,0.0,0.0,1.0,1.0,,8.0,6.0,2.76,9.0,9.0,,,0.0,5.0,1.0,1.0,1.0,,0.0,5.0,0.0,,30.0,106.0
2026,2021048568,2026-10-02,1600124,坂倉 将吾,,31,一,6,1.0,1.0,4.0,4.0,1.0,1.0,0.0,0.0,1.0,1.0,0.0,,0.0,2.0,0.0,0.0,0.0,0.0,,,,,,,,,,,,,,,,,,,,,,
2026,2021048568,2026-10-02,1651376,福元 悠真,,40,右,4,1.0,1.0,3.0,3.0,0.0,1.0,0.0,0.0,0.0,0.0,0.0,,0.0,0.0,0.0,0.0,0.0,0.0,,,,,,,,,,,,,,,,,,,,,,
2026,2021048568,2026-10-02,1700068,中村 奨成,,96,中,6,1.0,1.0,4.0,4.0,1.0,2.0,0.0,0.0,1.0,3.0,0.0,,0.0,0.0,0.0,0.0,0.0,0.0,,,,,,,,,,,,,,,,,,,,,,
2026,2021048568,2026-10-02,1750223,村松 開人,,5,遊,4,1.0,1.0,3.0,3.0,0.0,0.0,0.0,0.0,0.0,0.0,0.0,,0.0,0.0,0.0,0.0,0.0,0.0,,,,,,,,,,,,,,,,,,,,,,
2026,2021048568,2026-10-02,1750701,田中 幹也,,2,打,4,1.0,0.0,1.0,1.0,0.0,0.0,0.0,0.0,0.0,0.0,0.0,,0.0,0.0,0.0,0.0,0.0,0.0,,,,,,,,,,,,,,,,,,,,,,
2026,2021048568,2026-10-02,1850405,名原 典彦,,92,左,6,1.0,0.0,0.0,0.0,0.0,0.0,0.0,0.0,0.0,0.0,0.0,,0.0,0.0,0.0,0.0,0.0,0.0,,,,,,,,,,,,,,,,,,,,,,
2026,2021048568,2026-10-02,1851138,草加 勝,Souka Kachi,14,投,4,1.0,0.0,0.0,0.0,0.0,0.0,0.0,0.0,0.0,0.0,0.0,,0.0,0.0,0.0,0.0,0.0,0.0,2.0,1.0,0.0,0.0,1.0,2.59,1.0,1.0,,,0.0,3.0,1.0,1.0,0.0,,0.0,1.0,0.0,,6.0,23.0
2026,2021048568,2026-10-02,1900037,石川 昂弥,,25,三一,4,1.0,1.0,3.0,3.0,0.0,0.0,0.0,0.0,0.0,0.0,0.0,,0.0,1.0,0.0,0.0,0.0,0.0,,,,,,,,,,,,,,,,,,,,,,
2026,2021048568,2026-10-02,1900056,石原 貴規,,32,捕,6,1.0,1.0,3.0,2.0,1.0,1.0,0.0,0.0,0.0,0.0,0.0,,1.0,0.0,0.0,0.0,0.0,0.0,,,,,,,,,,,,,,,,,,,,,,
2026,2021048568,2026-10-02,2000066,二俣 翔一,,99,遊,6,1.0,0.0,0.0,0.0,0.0,0.0,0.0,0.0,0.0,0.0,0.0,,0.0,0.0,0.0,0.0,0.0,0.0,,,,,,,,,,,,,,,,,,,,,,
2026,2021048568,2026-10-02,2050203,佐々木 泰,,10,三,6,1.0,1.0,4.0,4.0,0.0,0.0,0.0,0.0,0.0,0.0,0.0,,0.0,0.0,0.0,0.0,0.0,0.0,,,,,,,,,,,,,,,,,,,,,,
2026,2021048568,2026-10-02,2100275,花田 旭,,57,中,4,1.0,1.0,3.0,3.0,0.0,1.0,0.0,0.0,0.0,0.0,0.0,,0.0,1.0,0.0,0.0,0.0,0.0,,,,,,,,,,,,,,,,,,,,,,
2026,2021048568,2026-10-02,2103768,末包 昇大,,52,右左,6,1.0,1.0,3.0,3.0,0.0,0.0,0.0,0.0,0.0,0.0,0.0,,0.0,0.0,0.0,0.0,0.0,0.0,,,,,,,,,,,,,,,,,,,,,,
2026,2021048568,2026-10-02,2103780,福永 裕基,,7,二,4,1.0,1.0,4.0,4.0,0.0,1.0,0.0,0.0,0.0,0.0,0.0,,0.0,0.0,0.0,0.0,0.0,0.0,,,,,,,,,,,,,,,,,,,,,,
2026,2021048568,2026-10-02,2105102,石伊 雄太,,9,捕,4,1.0,1.0,3.0,3.0,0.0,1.0,0.0,0.0,0.0,0.0,0.0,,0.0,0.0,0.0,0.0,0.0,0.0,,,,,,,,,,,,,,,,,,,,,,
2026,2021048568,2026-10-02,2107875,久保 修,,56,右,6,1.0,0.0,0.0,0.0,0.0,0.0,0.0,0.0,0.0,0.0,0.0,,0.0,0.0,0.0,0.0,0.0,0.0,,,,,,,,,,,,,,,,,,,,,,
2026,2021048568,2026-10-02,2107887,辰見 鴻之介,,69,走,6,1.0,0.0,0.0,0.0,0.0,0.0,0.0,0.0,0.0,0.0,0.0,,0.0,0.0,0.0,0.0,0.0,0.0,,,,,,,,,,,,,,,,,,,,,,
2026,2021048568,2026-10-02,2107958,宮内 春輝,Kunai Haru Akira,53,投,4,1.0,0.0,0.0,0.0,0.0,0.0,0.0,0.0,0.0,0.0,0.0,,0.0,0.0,0.0,0.0,0.0,0.0,3.0,1.0,0.0,0.0,0.0,0.0,1.0,1.0,,,0.0,1.0,0.0,0.0,0.0,,0.0,0.0,0.0,,3.0,16.0
2026,2021048568,2026-10-02,2110422,勝田 成,,0,遊二,6,1.0,1.0,4.0,4.0,1.0,2.0,0.0,2.0,0.0,0.0,0.0,,0.0,1.0,0.0,0.0,0.0,0.0,,,,,,,,,,,,,,,,,,,,,,
2026,2021048568,2026-10-02,2112143,佐藤 啓介,,94,左,6,1.0,1.0,3.0,3.0,0.0,0.0,0.0,0.0,0.0,0.0,0.0,,0.0,0.0,0.0,0.0,0.0,0.0,,,,,,,,,,,,,,,,,,,,,,
2026,2021048568,2026-10-02,2117699,森 駿太,,31,三,4,1.0,0.0,1.0,1.0,0.0,0.0,0.0,0.0,0.0,0.0,0.0,,0.0,0.0,0.0,0.0,0.0,0.0,,,,,,,,,,,,,,,,,,,,,,
2026,2021048569,2026-10-01,800043,丸 佳浩,,8,打,1,1.0,0.0,1.0,0.0,0.0,0.0,0.0,0.0,0.0,0.0,0.0,,1.0,0.0,0.0,0.0,0.0,0.0,,,,,,,,,,,,,,,,,,,,,,
2026,2021048569,2026-10-01,1000132,山田 哲人,,1,一,2,1.0,1.0,4.0,4.0,0.0,1.0,1.0,0.0,0.0,2.0,0.0,,0.0,1.0,0.0,0.0,0.0,0.0,,,,,,,,,,,,,,,,,,,,,,
2026,2021048569,2026-10-01,1100095,松本 剛,,9,中左,1,1.0,1.0,4.0,4.0,0.0,0.0,0.0,0.0,0.0,0.0,0.0,,0.0,0.0,0.0,0.0,0.0,0.0,,,,,,,,,,,,,,,,,,,,,,
2026,2021048569,2026-10-01,1200117,則本 昂大,Nori Moto Koudai,43,投,1,1.0,0.0,0.0,0.0,0.0,0.0,0.0,0.0,0.0,0.0,0.0,,0.0,0.0,0.0,0.0,0.0,0.0,7.0,1.0,0.0,3.0,4.0,4.72,0.6666666666666666,0.2,,,0.0,0.0,0.0,0.0,0.0,,0.0,1.0,0.0,,2.0,10.0
2026,2021048569,2026-10-01,1450689,船迫 大雅,Fune Sako Taiga,58,投,1,1.0,0.0,0.0,0.0,0.0,0.0,0.0,0.0,0.0,0.0,0.0,,0.0,0.0,0.0,0.0,0.0,0.0,2.0,1.0,0.0,4.0,1.0,2.31,1.0,1.0,,,0.0,1.0,0.0,0.0,0.0,,0.0,0.0,0.0,,3.0,6.0
2026,2021048569,2026-10-01,1450977,森田 駿哉,Morita Shun kana,47,投,1,1.0,0.0,0.0,0.0,0.0,0.0,0.0,0.0,0.0,0.0,0.0,,0.0,0.0,0.0,0.0,0.0,0.0,5.0,1.0,0.0,0.0,1.0,3.38,0.3333333333333333,0.1,,,0.0,2.0,3.0,3.0,0.0,,0.0,1.0,0.0,,4.0,20.0
2026,2021048569,2026-10-01,1500052,中川 皓太,Nakagawa Kouta,41,投,1,1.0,0.0,0.0,0.0,0.0,0.0,0.0,0.0,0.0,0.0,0.0,,0.0,0.0,0.0,0.0,0.0,0.0,4.0,1.0,0.0,3.0,1.0,2.11,1.0,1.0,,,0.0,1.0,0.0,0.0,0.0,,0.0,2.0,0.0,,4.0,20.0
2026,2021048569,2026-10-01,1600059,吉川 尚輝,,2,二,1,1.0,1.0,3.0,3.0,0.0,1.0,0.0,0.0,0.0,0.0,0.0,,0.0,0.0,0.0,0.0,0.0,0.0,,,,,,,,,,,,,,,,,,,,,,
2026,2021048569,2026-10-01,1600075,星 知弥,Hoshi Chi Wataru,24,投,2,1.0,0.0,0.0,0.0,0.0,0.0,0.0,0.0,0.0,0.0,0.0,,0.0,0.0,0.0,0.0,0.0,0.0,2.0,1.0,0.0,2.0,4.0,2.68,1.0,1.0,,,1.0,1.0,0.0,0.0,0.0,,2.0,0.0,0.0,,6.0,22.0
2026,2021048569,2026-10-01,1650522,丸山 和郁,,4,右,2,1.0,0.0,0.0,0.0,0.0,0.0,0.0,0.0,0.0,0.0,0.0,,0.0,0.0,0.0,0.0,0.0,0.0,,,,,,,,,,,,,,,,,,,,,,
2026,2021048569,2026-10-01,1700044,大城 卓三,,24,捕,1,1.0,1.0,4.0,4.0,0.0,0.0,0.0,0.0,0.0,0.0,0.0,,0.0,2.0,0.0,0.0,0.0,0.0,,,,,,,,,,,,,,,,,,,,,,
2026,2021048569,2026-10-01,1700131,増田 珠,,63,右,2,1.0,1.0,4.0,4.0,0.0,1.0,0.0,0.0,0.0,1.0,0.0,,0.0,1.0,0.0,0.0,0.0,0.0,,,,,,,,,,,,,,,,,,,,,,
2026,2021048569,2026-10-01,1700136,リチャード,,52,三,1,1.0,1.0,4.0,4.0,1.0,1.0,0.0,0.0,1.0,1.0,0.0,,0.0,1.0,0.0,0.0,0.0,0.0,,,,,,,,,,,,,,,,,,,,,,
2026,2021048569,2026-10-01,1750321,泉口 友汰,,35,遊,1,1.0,1.0,4.0,3.0,0.0,0.0,0.0,0.0,0.0,0.0,0.0,,1.0,0.0,0.0,0.0,0.0,0.0,,,,,,,,,,,,,,,,,,,,,,
2026,2021048569,2026-10-01,1750800,澤井 廉,,42,打,2,1.0,0.0,1.0,1.0,0.0,1.0,0.0,0.0,0.0,0.0,0.0,,0.0,0.0,0.0,0.0,0.0,0.0,,,,,,,,,,,,,,,,,,,,,,
2026,2021048569,2026-10-01,1800024,増田 陸,,61,一,1,1.0,1.0,3.0,2.0,0.0,0.0,0.0,0.0,0.0,0.0,0.0,,0.0,1.0,0.0,1.0,0.0,0.0,,,,,,,,,,,,,,,,,,,,,,
2026,2021048569,2026-10-01,1900016,堀田 賢慎,Hotta Ken Makoto,91,投,1,1.0,0.0,0.0,0.0,0.0,0.0,0.0,0.0,0.0,0.0,0.0,,0.0,0.0,0.0,0.0,0.0,0.0,3.0,1.0,0.0,1.0,1.0,0.68,1.0,1.0,,,0.0,0.0,0.0,0.0,0.0,,0.0,1.0,0.0,,3.0,12.0
2026,2021048569,2026-10-01,1900028,長岡 秀樹,,7,遊,2,1.0,1.0,5.0,5.0,1.0,1.0,0.0,0.0,0.0,0.0,0.0,,0.0,2.0,0.0,0.0,0.0,1.0,,,,,,,,,,,,,,,,,,,,,,
2026,2021048569,2026-10-01,2000005,平内 龍太,Heinai Ryuuta,66,投,1,1.0,0.0,0.0,0.0,0.0,0.0,0.0,0.0,0.0,0.0,0.0,,0.0,0.0,0.0,0.0,0.0,0.0,6.0,1.0,0.0,0.0,0.0,1.04,0.0,0.0,,,0.0,4.0,1.0,1.0,0.0,,0.0,0.0,0.0,,4.0,12.0
2026,2021048569,2026-10-01,2000006,山崎 伊織,Yamazaki Iori,19,投,1,1.0,1.0,1.0,1.0,0.0,0.0,0.0,0.0,0.0,0.0,0.0,,0.0,1.0,0.0,0.0,0.0,0.0,1.0,1.0,,1.0,1.0,4.59,4.0,4.0,,,0.0,5.0,1.0,1.0,0.0,,0.0,4.0,0.0,,17.0,76.0
2026,2021048569,2026-10-01,2000025,山野 太一,Yamano Taichi,26,投,2,1.0,1.0,2.0,2.0,0.0,2.0,0.0,0.0,0.0,0.0,0.0,,0.0,0.0,0.0,0.0,0.0,0.0,1.0,1.0,,12.0,4.0,2.33,7.0,7.0,,,0.0,1.0,1.0,1.0,1.0,,1.0,7.0,0.0,,23.0,92.0
2026,2021048569,2026-10-01,2000026,内山 壮真,,3,打二,2,1.0,0.0,2.0,2.0,0.0,0.0,0.0,0.0,0.0,0.0,0.0,,0.0,1.0,0.0,0.0,0.0,0.0,,,,,,,,,,,,,,,,,,,,,,
2026,2021048569,2026-10-01,2000028,並木 秀尊,,0,走,2,1.0,0.0,0.0,0.0,0.0,0.0,0.0,0.0,0.0,0.0,1.0,,0.0,0.0,0.0,0.0,0.0,0.0,,,,,,,,,,,,,,,,,,,,,,
2026,2021048569,2026-10-01,2000031,赤羽 由紘,,0,走一,2,1.0,0.0,0.0,0.0,1.0,0.0,0.0,0.0,0.0,0.0,0.0,,0.0,0.0,0.0,0.0,0.0,0.0,,,,,,,,,,,,,,,,,,,,,,
2026,2021048569,2026-10-01,2100225,笹原 操希,,95,左,1,1.0,1.0,2.0,2.0,0.0,0.0,0.0,0.0,0.0,0.0,0.0,,0.0,1.0,0.0,0.0,0.0,0.0,,,,,,,,,,,,,,,,,,,,,,
2026,2021048569,2026-10-01,2102997,西村 瑠伊斗,,36,左,2,1.0,1.0,4.0,4.0,1.0,2.0,0.0,0.0,0.0,1.0,0.0,,0.0,2.0,0.0,0.0,0.0,0.0,,,,,,,,,,,,,,,,,,,,,,
2026,2021048569,2026-10-01,2103917,岩田 幸宏,,64,中,2,1.0,1.0,4.0,3.0,1.0,0.0,0.0,0.0,0.0,0.0,0.0,,0.0,0.0,0.0,1.0,0.0,0.0,,,,,,,,,,,,,,,,,,,,,,
2026,2021048569,2026-10-01,2106178,佐々木 俊輔,,44,打中,1,1.0,0.0,1.0,1.0,0.0,0.0,0.0,0.0,0.0,0.0,0.0,,0.0,0.0,0.0,0.0,0.0,0.0,,,,,,,,,,,,,,,,,,,,,,
2026,2021048569,2026-10-01,2108291,ウォルターズ,Orutaazu,58,投,2,1.0,0.0,0.0,0.0,0.0,0.0,0.0,0.0,0.0,0.0,0.0,,0.0,0.0,0.0,0.0,0.0,0.0,3.0,1.0,0.0,3.0,4.0,4.26,1.0,1.0,,,5.0,0.0,0.0,0.0,0.0,,0.0,1.0,0.0,,3.0,13.0
2026,2021048569,2026-10-01,2109495,鈴木 叶,,65,捕,2,1.0,1.0,4.0,4.0,1.0,2.0,0.0,0.0,0.0,1.0,0.0,,0.0,0.0,0.0,0.0,0.0,0.0,,,,,,,,,,,,,,,,,,,,,,
2026,2021048569,2026-10-01,2112330,平山 功太,,69,右,1,1.0,1.0,4.0,3.0,0.0,0.0,0.0,0.0,0.0,0.0,0.0,,1.0,2.0,0.0,0.0,0.0,0.0,,,,,,,,,,,,,,,,,,,,,,
2026,2021048569,2026-10-01,2113365,田中 陽翔,,54,二,2,1.0,1.0,3.0,3.0,0.0,1.0,0.0,0.0,0.0,0.0,0.0,,0.0,1.0,0.0,0.0,0.0,0.0,,,,,,,,,,,,,,,,,,,,,,
2026,2021048569,2026-10-01,2116069,石塚 裕惺,,23,打,1,1.0,0.0,1.0,1.0,0.0,0.0,0.0,0.0,0.0,0.0,0.0,,0.0,0.0,0.0,0.0,0.0,0.0,,,,,,,,,,,,,,,,,,,,,,
2026,2021048569,2026-10-01,2116854,松下 歩叶,,6,三,2,1.0,1.0,4.0,4.0,0.0,2.0,1.0,0.0,0.0,0.0,0.0,,0.0,1.0,0.0,0.0,0.0,0.0,,,,,,,,,,,,,,,,,,,,,,
2026,2021048601,2026-10-01,1000035,今宮 健太,,6,二,12,1.0,1.0,4.0,3.0,0.0,0.0,0.0,0.0,0.0,1.0,0.0,,0.0,1.0,0.0,0.0,1.0,0.0,,,,,,,,,,,,,,,,,,,,,,
2026,2021048601,2026-10-01,1000128,柳田 悠岐,,9,指,12,1.0,1.0,5.0,5.0,1.0,2.0,1.0,0.0,1.0,2.0,0.0,,0.0,2.0,0.0,0.0,0.0,0.0,,,,,,,,,,,,,,,,,,,,,,
2026,2021048601,2026-10-01,1000175,牧原 大成,,8,二,12,1.0,0.0,0.0,0.0,0.0,0.0,0.0,0.0,0.0,0.0,0.0,,0.0,0.0,0.0,0.0,0.0,0.0,,,,,,,,,,,,,,,,,,,,,,
2026,2021048601,2026-10-01,1100097,近藤 健介,,3,左,12,1.0,1.0,4.0,3.0,1.0,1.0,0.0,0.0,1.0,2.0,0.0,,1.0,1.0,0.0,0.0,0.0,0.0,,,,,,,,,,,,,,,,,,,,,,
2026,2021048601,2026-10-01,1100099,上沢 直之,Kamisawa Naoyuki,10,,12,,,,,,,,,,,,,,,,,,,1.0,1.0,,10.0,4.0,2.39,7.0,7.0,,,0.0,6.0,1.0,1.0,1.0,,0.0,8.0,0.0,,26.0,105.0
2026,2021048601,2026-10-01,1300076,加治屋 蓮,Kajiya Ren,41,,376,,,,,,,,,,,,,,,,,,,3.0,1.0,0.0,2.0,2.0,3.19,1.0,1.0,,,0.0,0.0,1.0,0.0,0.0,,0.0,2.0,0.0,,4.0,12.0
2026,2021048601,2026-10-01,1400107,田中 貴也,,44,捕,376,1.0,0.0,1.0,1.0,0.0,1.0,0.0,0.0,0.0,0.0,0.0,,0.0,0.0,0.0,0.0,0.0,0.0,,,,,,,,,,,,,,,,,,,,,,
2026,2021048601,2026-10-01,1400127,栗原 陵矢,,24,三,12,1.0,1.0,5.0,5.0,1.0,1.0,0.0,0.0,1.0,1.0,0.0,,0.0,3.0,0.0,0.0,0.0,0.0,,,,,,,,,,,,,,,,,,,,,,
2026,2021048601,2026-10-01,1500140,谷川原 健太,,45,右,12,1.0,0.0,1.0,1.0,0.0,1.0,1.0,0.0,0.0,0.0,0.0,,0.0,0.0,0.0,0.0,0.0,0.0,,,,,,,,,,,,,,,,,,,,,,
2026,2021048601,2026-10-01,1600004,堀内 謙伍,,65,捕,376,1.0,1.0,1.0,1.0,0.0,0.0,0.0,0.0,0.0,0.0,0.0,,0.0,0.0,0.0,0.0,0.0,0.0,,,,,,,,,,,,,,,,,,,,,,
2026,2021048601,2026-10-01,1600007,村林 一輝,,6,二,376,1.0,1.0,4.0,4.0,0.0,0.0,0.0,0.0,0.0,0.0,0.0,,0.0,1.0,0.0,0.0,0.0,0.0,,,,,,,,,,,,,,,,,,,,,,
2026,2021048601,2026-10-01,1700066,山本 祐大,,39,捕,12,1.0,1.0,4.0,4.0,2.0,2.0,0.0,0.0,1.0,2.0,0.0,,0.0,0.0,0.0,0.0,0.0,0.0,,,,,,,,,,,,,,,,,,,,,,
2026,2021048601,2026-10-01,1700135,周東 佑京,,23,中,12,1.0,1.0,3.0,3.0,0.0,1.0,0.0,0.0,0.0,0.0,1.0,,0.0,0.0,0.0,0.0,0.0,0.0,,,,,,,,,,,,,,,,,,,,,,
2026,2021048601,2026-10-01,1800123,小郷 裕哉,,51,右,376,1.0,1.0,2.0,2.0,0.0,0.0,0.0,0.0,0.0,0.0,0.0,,0.0,1.0,0.0,0.0,0.0,0.0,,,,,,,,,,,,,,,,,,,,,,
2026,2021048601,2026-10-01,1850172,廣瀬 隆太,,33,一,12,1.0,0.0,0.0,0.0,0.0,0.0,0.0,0.0,0.0,0.0,0.0,,0.0,0.0,0.0,0.0,0.0,0.0,,,,,,,,,,,,,,,,,,,,,,
2026,2021048601,2026-10-01,1851115,木村 光,Kimura Hikari,68,,12,,,,,,,,,,,,,,,,,,,3.0,1.0,0.0,3.0,0.0,2.75,1.0,1.0,,,0.0,1.0,1.0,1.0,1.0,,0.0,0.0,0.0,,4.0,14.0
2026,2021048601,2026-10-01,1851157,宗山 塁,,1,遊,376,1.0,1.0,4.0,4.0,0.0,1.0,0.0,0.0,0.0,0.0,0.0,,0.0,1.0,0.0,0.0,0.0,0.0,,,,,,,,,,,,,,,,,,,,,,
2026,2021048601,2026-10-01,1900104,柳町 達,,32,右左,12,1.0,1.0,4.0,4.0,1.0,1.0,0.0,0.0,0.0,0.0,0.0,,0.0,2.0,0.0,0.0,0.0,0.0,,,,,,,,,,,,,,,,,,,,,,
2026,2021048601,2026-10-01,1900112,小深田 大翔,,0,打左,376,1.0,0.0,2.0,2.0,0.0,0.0,0.0,0.0,0.0,0.0,0.0,,0.0,2.0,0.0,0.0,0.0,0.0,,,,,,,,,,,,,,,,,,,,,,
2026,2021048601,2026-10-01,1900113,黒川 史陽,,24,三,376,1.0,1.0,4.0,4.0,1.0,1.0,0.0,0.0,1.0,1.0,0.0,,0.0,0.0,0.0,0.0,0.0,0.0,,,,,,,,,,,,,,,,,,,,,,
2026,2021048601,2026-10-01,1900117,瀧中 瞭太,Taki Naka Akira Futoshi,57,,376,,,,,,,,,,,,,,,,,,,1.0,1.0,,6.0,9.0,4.17,3.0,3.0,,,0.0,9.0,6.0,6.0,3.0,,1.0,3.0,0.0,,19.0,81.0
2026,2021048601,2026-10-01,1950149,庄子 雄大,,25,遊,12,1.0,1.0,4.0,4.0,1.0,1.0,0.0,0.0,0.0,0.0,0.0,,0.0,2.0,0.0,0.0,0.0,0.0,,,,,,,,,,,,,,,,,,,,,,
2026,2021048601,2026-10-01,1950278,中島 大輔,,32,中,376,1.0,1.0,4.0,4.0,0.0,2.0,1.0,0.0,0.0,0.0,0.0,,0.0,1.0,0.0,0.0,0.0,0.0,,,,,,,,,,,,,,,,,,,,,,
2026,2021048601,2026-10-01,2000109,笹川 吉康,,44,中,12,1.0,0.0,1.0,1.0,0.0,0.0,0.0,0.0,0.0,0.0,0.0,,0.0,1.0,0.0,0.0,0.0,0.0,,,,,,,,,,,,,,,,,,,,,,
2026,2021048601,2026-10-01,2100271,繁永 晟,,30,打,376,1.0,0.0,1.0,1.0,0.0,0.0,0.0,0.0,0.0,0.0,0.0,,0.0,0.0,0.0,0.0,0.0,0.0,,,,,,,,,,,,,,,,,,,,,,
2026,2021048601,2026-10-01,2100284,阪上 翔也,,42,左右,376,1.0,1.0,3.0,3.0,0.0,1.0,0.0,0.0,0.0,0.0,0.0,,0.0,0.0,0.0,0.0,0.0,1.0,,,,,,,,,,,,,,,,,,,,,,
2026,2021048601,2026-10-01,2100596,徐 若熙,Jo Waka ?,18,,12,,,,,,,,,,,,,,,,,,,2.0,1.0,0.0,2.0,3.0,4.83,1.0,1.0,,,0.0,1.0,0.0,0.0,0.0,,0.0,0.0,0.0,,4.0,11.0
2026,2021048601,2026-10-01,2102124,泰 勝利,Thailand Shouri,59,,376,,,,,,,,,,,,,,,,,,,4.0,1.0,0.0,2.0,3.0,3.28,1.0,1.0,,,0.0,1.0,0.0,0.0,0.0,,0.0,0.0,0.0,,4.0,11.0
2026,2021048601,2026-10-01,2103735,正木 智也,,31,一,12,1.0,1.0,5.0,5.0,1.0,1.0,0.0,0.0,0.0,0.0,0.0,,0.0,1.0,0.0,0.0,0.0,0.0,,,,,,,,,,,,,,,,,,,,,,
2026,2021048601,2026-10-01,2103740,YG安田,,55,一,376,1.0,1.0,4.0,4.0,1.0,1.0,0.0,0.0,1.0,1.0,0.0,,0.0,1.0,0.0,0.0,0.0,0.0,,,,,,,,,,,,,,,,,,,,,,
2026,2021048601,2026-10-01,2107899,田中 千晴,Tanaka Chiharu,29,,376,,,,,,,,,,,,,,,,,,,2.0,1.0,0.0,1.0,2.0,3.2,4.0,4.0,,,1.0,1.0,1.0,1.0,1.0,,0.0,8.0,0.0,,13.0,51.0
2026,2021048601,2026-10-01,2122300,マッカスカー,,34,指,376,1.0,1.0,4.0,4.0,0.0,1.0,0.0,0.0,0.0,0.0,0.0,,0.0,1.0,0.0,0.0,0.0,0.0,,,,,,,,,,,,,,,,,,,,,,
2026,2021048602,2026-10-01,700087,角中 勝也,,3,左右,9,1.0,1.0,3.0,3.0,0.0,0.0,0.0,0.0,0.0,0.0,0.0,,0.0,2.0,0.0,0.0,0.0,0.0,,,,,,,,,,,,,,,,,,,,,,
2026,2021048602,2026-10-01,1000128,柳田 悠岐,,9,指,12,1.0,1.0,4.0,3.0,0.0,0.0,0.0,0.0,0.0,0.0,0.0,,1.0,0.0,0.0,0.0,0.0,0.0,,,,,,,,,,,,,,,,,,,,,,
2026,2021048602,2026-10-01,1000175,牧原 大成,,8,二,12,1.0,1.0,4.0,3.0,0.0,0.0,0.0,0.0,0.0,0.0,0.0,,1.0,1.0,0.0,0.0,0.0,0.0,,,,,,,,,,,,,,,,,,,,,,
2026,2021048602,2026-10-01,1100097,近藤 健介,,3,左,12,1.0,1.0,4.0,3.0,1.0,2.0,0.0,0.0,1.0,1.0,0.0,,1.0,0.0,0.0,0.0,0.0,0.0,,,,,,,,,,,,,,,,,,,,,,
2026,2021048602,2026-10-01,1400127,栗原 陵矢,,24,三,12,1.0,1.0,4.0,4.0,0.0,2.0,1.0,0.0,0.0,0.0,0.0,,0.0,0.0,0.0,0.0,0.0,0.0,,,,,,,,,,,,,,,,,,,,,,
2026,2021048602,2026-10-01,1500140,谷川原 健太,,45,中,12,1.0,0.0,1.0,1.0,0.0,0.0,0.0,0.0,0.0,0.0,0.0,,0.0,1.0,0.0,0.0,0.0,0.0,,,,,,,,,,,,,,,,,,,,,,
2026,2021048602,2026-10-01,1500143,川瀬 晃,,0,三,12,1.0,0.0,0.0,0.0,0.0,0.0,0.0,0.0,0.0,0.0,0.0,,0.0,0.0,0.0,0.0,0.0,0.0,,,,,,,,,,,,,,,,,,,,,,
2026,2021048602,2026-10-01,1700066,山本 祐大,,39,捕,12,1.0,1.0,4.0,4.0,1.0,1.0,0.0,0.0,1.0,3.0,0.0,,0.0,1.0,0.0,0.0,0.0,0.0,,,,,,,,,,,,,,,,,,,,,,
2026,2021048602,2026-10-01,1700135,周東 佑京,,23,中,12,1.0,1.0,2.0,2.0,0.0,1.0,1.0,0.0,0.0,0.0,0.0,,0.0,0.0,0.0,0.0,0.0,0.0,,,,,,,,,,,,,,,,,,,,,,
2026,2021048602,2026-10-01,1800050,藤原 恭大,,1,打右,9,1.0,0.0,1.0,1.0,0.0,0.0,0.0,0.0,0.0,0.0,0.0,,0.0,1.0,0.0,0.0,0.0,0.0,,,,,,,,,,,,,,,,,,,,,,
2026,2021048602,2026-10-01,1800053,山口 航輝,,51,指,9,1.0,1.0,5.0,5.0,0.0,1.0,0.0,0.0,0.0,0.0,0.0,,0.0,1.0,0.0,0.0,0.0,0.0,,,,,,,,,,,,,,,,,,,,,,
2026,2021048602,2026-10-01,1800107,杉山 一樹,Sugiyama Kazuki,40,,12,,,,,,,,,,,,,,,,,,,3.0,1.0,0.0,1.0,2.0,3.23,1.0,1.0,,,35.0,0.0,0.0,0.0,0.0,,2.0,2.0,0.0,,5.0,23.0
2026,2021048602,2026-10-01,1850947,上田 希由翔,,10,打,9,1.0,0.0,1.0,1.0,0.0,0.0,0.0,0.0,0.0,0.0,0.0,,0.0,1.0,0.0,0.0,0.0,0.0,,,,,,,,,,,,,,,,,,,,,,
2026,2021048602,2026-10-01,1900045,井上 広大,,39,右左,9,1.0,1.0,4.0,3.0,1.0,1.0,0.0,0.0,1.0,1.0,0.0,,1.0,0.0,0.0,0.0,0.0,0.0,,,,,,,,,,,,,,,,,,,,,,
2026,2021048602,2026-10-01,1900081,佐藤 都志也,,32,捕,9,1.0,1.0,4.0,4.0,1.0,1.0,0.0,0.0,1.0,2.0,0.0,,0.0,1.0,0.0,0.0,0.0,0.0,,,,,,,,,,,,,,,,,,,,,,
2026,2021048602,2026-10-01,1900082,高部 瑛斗,,0,打,9,1.0,0.0,1.0,1.0,0.0,0.0,0.0,0.0,0.0,0.0,0.0,,0.0,0.0,0.0,0.0,0.0,0.0,,,,,,,,,,,,,,,,,,,,,,
2026,2021048602,2026-10-01,1900083,横山 陸人,Yokoyama Rikunin,15,,9,,,,,,,,,,,,,,,,,,,4.0,1.0,0.0,2.0,4.0,2.92,1.0,1.0,,,34.0,2.0,3.0,3.0,1.0,,1.0,1.0,0.0,,6.0,24.0
2026,2021048602,2026-10-01,1900104,柳町 達,,32,右,12,1.0,1.0,4.0,4.0,1.0,0.0,0.0,0.0,0.0,0.0,0.0,,0.0,0.0,0.0,0.0,0.0,0.0,,,,,,,,,,,,,,,,,,,,,,
2026,2021048602,2026-10-01,1950149,庄子 雄大,,25,遊,12,1.0,1.0,4.0,4.0,0.0,1.0,0.0,0.0,0.0,0.0,1.0,,0.0,2.0,0.0,0.0,0.0,0.0,,,,,,,,,,,,,,,,,,,,,,
2026,2021048602,2026-10-01,1950286,西川 史礁,,6,中,9,1.0,1.0,5.0,4.0,0.0,1.0,0.0,0.0,0.0,0.0,0.0,,1.0,0.0,0.0,0.0,0.0,0.0,,,,,,,,,,,,,,,,,,,,,,
2026,2021048602,2026-10-01,2000087,鈴木 昭汰,Suzuki Akira ?,47,,9,,,,,,,,,,,,,,,,,,,2.0,1.0,0.0,6.0,3.0,2.39,1.0,1.0,,,1.0,0.0,0.0,0.0,0.0,,0.0,2.0,0.0,,3.0,13.0
2026,2021048602,2026-10-01,2000088,中森 俊介,Nakamori Shunsuke,56,,9,,,,,,,,,,,,,,,,,,,3.0,1.0,0.0,7.0,1.0,2.23,1.0,1.0,,,1.0,0.0,0.0,0.0,0.0,,0.0,1.0,0.0,,3.0,8.0
2026,2021048602,2026-10-01,2000089,小川 龍成,,57,遊,9,1.0,1.0,4.0,3.0,0.0,1.0,0.0,0.0,0.0,0.0,0.0,,1.0,1.0,0.0,0.0,0.0,0.0,,,,,,,,,,,,,,,,,,,,,,
2026,2021048602,2026-10-01,2000094,山本 大斗,,61,打,9,1.0,0.0,1.0,1.0,0.0,0.0,0.0,0.0,0.0,0.0,0.0,,0.0,1.0,0.0,0.0,0.0,0.0,,,,,,,,,,,,,,,,,,,,,,
2026,2021048602,2026-10-01,2000117,緒方 理貢,,57,走左,12,1.0,0.0,0.0,0.0,1.0,0.0,0.0,0.0,0.0,0.0,0.0,,0.0,0.0,0.0,0.0,0.0,0.0,,,,,,,,,,,,,,,,,,,,,,
2026,2021048602,2026-10-01,2102758,田中 晴也,Tanaka Haruya,35,,9,,,,,,,,,,,,,,,,,,,1.0,1.0,,2.0,5.0,3.91,6.0,6.0,,,0.0,5.0,1.0,1.0,1.0,,2.0,1.0,0.0,,23.0,90.0
2026,2021048602,2026-10-01,2102926,寺地 隆成,,65,一,9,1.0,1.0,4.0,4.0,1.0,3.0,0.0,0.0,0.0,0.0,0.0,,0.0,0.0,0.0,0.0,0.0,0.0,,,,,,,,,,,,,,,,,,,,,,
2026,2021048602,2026-10-01,2102969,鈴木 豪太,Suzuki Gouta,26,,12,,,,,,,,,,,,,,,,,,,2.0,1.0,0.0,4.0,1.0,1.74,0.3333333333333333,0.1,,,0.0,0.0,0.0,0.0,0.0,,0.0,1.0,0.0,,1.0,3.0
2026,2021048602,2026-10-01,2103693,池田 来翔,,0,二,9,1.0,1.0,2.0,2.0,0.0,0.0,0.0,0.0,0.0,0.0,0.0,,0.0,2.0,0.0,0.0,0.0,0.0,,,,,,,,,,,,,,,,,,,,,,
2026,2021048602,2026-10-01,2103735,正木 智也,,31,一,12,1.0,1.0,4.0,4.0,0.0,0.0,0.0,0.0,0.0,0.0,0.0,,0.0,0.0,0.0,0.0,0.0,0.0,,,,,,,,,,,,,,,,,,,,,,
2026,2021048602,2026-10-01,2104078,前田 悠伍,Maeda Yuu Go,41,,12,,,,,,,,,,,,,,,,,,,1.0,1.0,,12.0,1.0,2.1,7.666666666666667,7.2,,,0.0,9.0,3.0,3.0,2.0,,1.0,9.0,0.0,,32.0,122.0
2026,2021048602,2026-10-01,2117855,宮崎 竜成,,44,二,9,1.0,0.0,0.0,0.0,0.0,0.0,0.0,0.0,0.0,0.0,0.0,,0.0,0.0,0.0,0.0,0.0,0.0,,,,,,,,,,,,,,,,,,,,,,
2026,2021048602,2026-10-01,2121158,櫻井 ユウヤ,,55,三,9,1.0,1.0,3.0,3.0,0.0,1.0,0.0,0.0,0.0,0.0,0.0,,0.0,2.0,0.0,0.0,0.0,0.0,,,,,,,,,,,,,,,,,,,,,,
2026,2021049817,2026-10-02,1600133,堀 瑞輝,Hori Mizu Akira,34,,8,,,,,,,,,,,,,,,,,,,4.0,1.0,0.0,4.0,1.0,2.6,1.0,1.0,,,1.0,1.0,1.0,1.0,1.0,,0.0,3.0,0.0,,4.0,20.0
2026,2021049817,2026-10-02,1700020,ソト,,99,打,9,1.0,0.0,1.0,1.0,0.0,0.0,0.0,0.0,0.0,0.0,0.0,,0.0,1.0,0.0,0.0,0.0,0.0,,,,,,,,,,,,,,,,,,,,,,
2026,2021049817,2026-10-02,1700025,清宮 幸太郎,,21,一,8,1.0,1.0,4.0,3.0,0.0,0.0,0.0,0.0,0.0,0.0,0.0,,0.0,2.0,1.0,0.0,0.0,0.0,,,,,,,,,,,,,,,,,,,,,,
2026,2021049817,2026-10-02,1700034,山崎 剛,,38,遊,9,1.0,1.0,3.0,2.0,0.0,0.0,0.0,0.0,0.0,0.0,0.0,,1.0,0.0,0.0,0.0,0.0,1.0,,,,,,,,,,,,,,,,,,,,,,
2026,2021049817,2026-10-02,1700092,安田 尚憲,,5,一,9,1.0,1.0,4.0,4.0,0.0,1.0,0.0,0.0,0.0,0.0,0.0,,0.0,1.0,0.0,0.0,0.0,0.0,,,,,,,,,,,,,,,,,,,,,,
2026,2021049817,2026-10-02,1750903,北山 亘基,Kitayama Wataru Hajime,15,,8,,,,,,,,,,,,,,,,,,,1.0,1.0,,13.0,3.0,2.56,5.0,5.0,,,0.0,5.0,0.0,0.0,0.0,,1.0,5.0,0.0,,21.0,99.0
2026,2021049817,2026-10-02,1800050,藤原 恭大,,1,中,9,1.0,1.0,4.0,4.0,0.0,1.0,1.0,0.0,0.0,0.0,0.0,,0.0,2.0,0.0,0.0,0.0,0.0,,,,,,,,,,,,,,,,,,,,,,
2026,2021049817,2026-10-02,1800053,山口 航輝,,51,指,9,1.0,1.0,5.0,5.0,1.0,2.0,0.0,0.0,1.0,1.0,0.0,,0.0,1.0,0.0,0.0,0.0,0.0,,,,,,,,,,,,,,,,,,,,,,
2026,2021049817,2026-10-02,1800091,野村 佑希,,5,指,8,1.0,1.0,4.0,4.0,0.0,0.0,0.0,0.0,0.0,0.0,0.0,,0.0,0.0,0.0,0.0,0.0,0.0,,,,,,,,,,,,,,,,,,,,,,
2026,2021049817,2026-10-02,1800093,万波 中正,,66,右,8,1.0,1.0,4.0,3.0,1.0,1.0,1.0,0.0,0.0,2.0,0.0,,0.0,1.0,0.0,0.0,1.0,0.0,,,,,,,,,,,,,,,,,,,,,,
2026,2021049817,2026-10-02,1850947,上田 希由翔,,10,二,9,1.0,1.0,4.0,4.0,0.0,2.0,1.0,0.0,0.0,0.0,0.0,,0.0,0.0,0.0,0.0,0.0,0.0,,,,,,,,,,,,,,,,,,,,,,
2026,2021049817,2026-10-02,1851204,水野 達稀,,43,遊,8,1.0,1.0,5.0,3.0,2.0,1.0,0.0,0.0,0.0,0.0,1.0,,2.0,0.0,0.0,0.0,0.0,0.0,,,,,,,,,,,,,,,,,,,,,,
2026,2021049817,2026-10-02,1900040,郡司 裕也,,3,左,8,1.0,1.0,4.0,3.0,0.0,2.0,0.0,0.0,0.0,0.0,0.0,,1.0,0.0,0.0,0.0,0.0,0.0,,,,,,,,,,,,,,,,,,,,,,
2026,2021049817,2026-10-02,1900081,佐藤 都志也,,32,捕,9,1.0,0.0,2.0,1.0,0.0,0.0,0.0,0.0,0.0,0.0,0.0,,1.0,1.0,0.0,0.0,0.0,0.0,,,,,,,,,,,,,,,,,,,,,,
2026,2021049817,2026-10-02,1900082,高部 瑛斗,,0,打,9,1.0,0.0,1.0,1.0,0.0,0.0,0.0,0.0,0.0,0.0,0.0,,0.0,1.0,0.0,0.0,0.0,0.0,,,,,,,,,,,,,,,,,,,,,,
2026,2021049817,2026-10-02,1950286,西川 史礁,,6,左,9,1.0,1.0,5.0,5.0,0.0,2.0,0.0,0.0,0.0,0.0,0.0,,0.0,1.0,0.0,0.0,0.0,0.0,,,,,,,,,,,,,,,,,,,,,,
2026,2021049817,2026-10-02,1950486,進藤 勇也,,33,捕,8,1.0,1.0,4.0,4.0,0.0,0.0,0.0,0.0,0.0,0.0,0.0,,0.0,2.0,0.0,0.0,0.0,0.0,,,,,,,,,,,,,,,,,,,,,,
2026,2021049817,2026-10-02,2000080,五十幡 亮汰,,50,中,8,1.0,0.0,0.0,0.0,0.0,0.0,0.0,0.0,0.0,0.0,0.0,,0.0,0.0,0.0,0.0,0.0,0.0,,,,,,,,,,,,,,,,,,,,,,
2026,2021049817,2026-10-02,2000090,河村 説人,Kawamura Setsunin,58,,9,,,,,,,,,,,,,,,,,,,2.0,1.0,0.0,1.0,4.0,4.59,4.666666666666667,4.2,,,0.0,5.0,2.0,1.0,0.0,,1.0,4.0,0.0,,19.0,68.0
2026,2021049817,2026-10-02,2000094,山本 大斗,,61,右,9,1.0,1.0,4.0,4.0,0.0,0.0,0.0,0.0,0.0,0.0,0.0,,0.0,0.0,0.0,0.0,0.0,0.0,,,,,,,,,,,,,,,,,,,,,,
2026,2021049817,2026-10-02,2050143,大塚 瑠晏,,49,三二,8,1.0,0.0,1.0,1.0,0.0,0.0,0.0,0.0,0.0,0.0,0.0,,0.0,0.0,0.0,0.0,0.0,0.0,,,,,,,,,,,,,,,,,,,,,,
2026,2021049817,2026-10-02,2100085,大川 慈英,Ookawa Jiei,27,,8,,,,,,,,,,,,,,,,,,,3.0,1.0,0.0,0.0,0.0,6.48,1.0,1.0,,,0.0,0.0,0.0,0.0,0.0,,0.0,1.0,0.0,,4.0,18.0
2026,2021049817,2026-10-02,2100346,松川 虎生,,2,捕,9,1.0,1.0,1.0,1.0,0.0,0.0,0.0,0.0,0.0,0.0,0.0,,0.0,1.0,0.0,0.0,0.0,0.0,,,,,,,,,,,,,,,,,,,,,,
2026,2021049817,2026-10-02,2101204,ロング,Long,73,,9,,,,,,,,,,,,,,,,,,,1.0,1.0,,1.0,7.0,4.98,4.0,4.0,,,0.0,1.0,1.0,1.0,0.0,,4.0,2.0,2.0,,18.0,64.0
2026,2021049817,2026-10-02,2102926,寺地 隆成,,65,三,9,1.0,1.0,4.0,4.0,0.0,0.0,0.0,0.0,0.0,0.0,0.0,,0.0,2.0,0.0,0.0,0.0,0.0,,,,,,,,,,,,,,,,,,,,,,
2026,2021049817,2026-10-02,2103603,有薗 直輝,,39,三,8,1.0,1.0,3.0,2.0,0.0,0.0,0.0,0.0,0.0,0.0,0.0,,1.0,1.0,0.0,0.0,0.0,0.0,,,,,,,,,,,,,,,,,,,,,,
2026,2021049817,2026-10-02,2103635,柳川 大晟,Yanagawadai Akira,47,,8,,,,,,,,,,,,,,,,,,,5.0,1.0,0.0,4.0,1.0,1.56,1.0,1.0,,,30.0,2.0,0.0,0.0,0.0,,1.0,1.0,0.0,,6.0,27.0
2026,2021049817,2026-10-02,2106284,矢澤 宏太,,12,中左,8,1.0,1.0,5.0,4.0,0.0,1.0,0.0,0.0,0.0,0.0,1.0,,0.0,0.0,1.0,0.0,0.0,0.0,,,,,,,,,,,,,,,,,,,,,,
2026,2021049817,2026-10-02,2106890,孫 易磊,Son Osamu Rai,96,,8,,,,,,,,,,,,,,,,,,,2.0,1.0,0.0,2.0,1.0,2.64,1.0,1.0,,,0.0,0.0,0.0,0.0,0.0,,0.0,1.0,0.0,,3.0,10.0
2026,2021049817,2026-10-02,2107586,宮崎 颯,Miyazaki Sa,66,,9,,,,,,,,,,,,,,,,,,,3.0,1.0,0.0,0.0,0.0,6.0,0.3333333333333333,0.1,,,0.0,0.0,0.0,0.0,0.0,,0.0,0.0,0.0,,1.0,1.0
2026,2021049817,2026-10-02,2114529,山縣 秀,,54,二三,8,1.0,1.0,4.0,3.0,0.0,1.0,1.0,0.0,0.0,0.0,0.0,,1.0,0.0,0.0,0.0,0.0,0.0,,,,,,,,,,,,,,,,,,,,,,
